-- MySQL dump 10.13  Distrib 5.5.54, for debian-linux-gnu (x86_64)
--
-- Host: localhost    Database: egfbtp
-- ------------------------------------------------------
-- Server version	5.5.54-0+deb7u1

/*!40101 SET @OLD_CHARACTER_SET_CLIENT=@@CHARACTER_SET_CLIENT */;
/*!40101 SET @OLD_CHARACTER_SET_RESULTS=@@CHARACTER_SET_RESULTS */;
/*!40101 SET @OLD_COLLATION_CONNECTION=@@COLLATION_CONNECTION */;
/*!40101 SET NAMES utf8 */;
/*!40103 SET @OLD_TIME_ZONE=@@TIME_ZONE */;
/*!40103 SET TIME_ZONE='+00:00' */;
/*!40014 SET @OLD_UNIQUE_CHECKS=@@UNIQUE_CHECKS, UNIQUE_CHECKS=0 */;
/*!40014 SET @OLD_FOREIGN_KEY_CHECKS=@@FOREIGN_KEY_CHECKS, FOREIGN_KEY_CHECKS=0 */;
/*!40101 SET @OLD_SQL_MODE=@@SQL_MODE, SQL_MODE='NO_AUTO_VALUE_ON_ZERO' */;
/*!40111 SET @OLD_SQL_NOTES=@@SQL_NOTES, SQL_NOTES=0 */;

--
-- Current Database: `egfbtp`
--

CREATE DATABASE /*!32312 IF NOT EXISTS*/ `egfbtp` /*!40100 DEFAULT CHARACTER SET latin1 */;

USE `egfbtp`;

--
-- Table structure for table `QCMs`
--

DROP TABLE IF EXISTS `QCMs`;
/*!40101 SET @saved_cs_client     = @@character_set_client */;
/*!40101 SET character_set_client = utf8 */;
CREATE TABLE `QCMs` (
  `id` int(11) NOT NULL AUTO_INCREMENT,
  `title` varchar(255) COLLATE utf8_unicode_ci NOT NULL,
  `success_minimum` double DEFAULT NULL,
  `created_at` datetime NOT NULL,
  `updated_at` datetime NOT NULL,
  PRIMARY KEY (`id`)
) ENGINE=InnoDB AUTO_INCREMENT=2 DEFAULT CHARSET=utf8 COLLATE=utf8_unicode_ci;
/*!40101 SET character_set_client = @saved_cs_client */;

--
-- Dumping data for table `QCMs`
--

LOCK TABLES `QCMs` WRITE;
/*!40000 ALTER TABLE `QCMs` DISABLE KEYS */;
INSERT INTO `QCMs` VALUES (1,'QCM Principale',1,'2017-02-12 16:31:11','2017-07-12 11:46:32');
/*!40000 ALTER TABLE `QCMs` ENABLE KEYS */;
UNLOCK TABLES;

--
-- Table structure for table `QCMs_questions`
--

DROP TABLE IF EXISTS `QCMs_questions`;
/*!40101 SET @saved_cs_client     = @@character_set_client */;
/*!40101 SET character_set_client = utf8 */;
CREATE TABLE `QCMs_questions` (
  `id` int(11) NOT NULL AUTO_INCREMENT,
  `image_id` int(11) DEFAULT NULL,
  `sound_id` int(11) DEFAULT NULL,
  `qcm_id` int(11) DEFAULT NULL,
  `type` varchar(10) COLLATE utf8_unicode_ci DEFAULT NULL,
  `question` varchar(255) COLLATE utf8_unicode_ci DEFAULT NULL,
  `created_at` datetime NOT NULL,
  `updated_at` datetime NOT NULL,
  PRIMARY KEY (`id`),
  UNIQUE KEY `UNIQ_863EB11B3DA5256D` (`image_id`),
  UNIQUE KEY `UNIQ_863EB11B6AAA5C3E` (`sound_id`),
  KEY `IDX_863EB11BFF6241A6` (`qcm_id`),
  CONSTRAINT `FK_863EB11BFF6241A6` FOREIGN KEY (`qcm_id`) REFERENCES `QCMs` (`id`),
  CONSTRAINT `FK_863EB11B3DA5256D` FOREIGN KEY (`image_id`) REFERENCES `image` (`id`),
  CONSTRAINT `FK_863EB11B6AAA5C3E` FOREIGN KEY (`sound_id`) REFERENCES `sound` (`id`)
) ENGINE=InnoDB AUTO_INCREMENT=47 DEFAULT CHARSET=utf8 COLLATE=utf8_unicode_ci;
/*!40101 SET character_set_client = @saved_cs_client */;

--
-- Dumping data for table `QCMs_questions`
--

LOCK TABLES `QCMs_questions` WRITE;
/*!40000 ALTER TABLE `QCMs_questions` DISABLE KEYS */;
INSERT INTO `QCMs_questions` VALUES (1,1,1,1,'multiple','Q1 : Au chantier, où dois-je prendre mes repas ?','2017-02-12 16:49:31','2017-02-21 21:27:22'),(2,2,2,1,'multiple','Q2 : Que veut dire ce symbole ?','2017-02-18 17:29:31','2017-02-21 21:27:22'),(3,12,3,1,'multiple','Q3 : La consommation d’alcool est-elle autorisée au poste de travail sur le chantier ?','2017-02-21 19:36:34','2017-03-07 15:29:13'),(5,14,4,1,'multiple','Q4 : La consommation de drogue est interdite en France ! Quels effets provoquerait-elle au travail ?','2017-02-21 19:39:40','2017-03-07 15:29:23'),(6,15,5,1,'multiple','Q5 : Qui est responsable du port des EPI des compagnons ?','2017-02-21 19:41:39','2017-03-07 15:29:33'),(7,16,6,1,'multiple','Q6 : A la découverte d’un grillage avertisseur de présence de réseaux enterrés dans le sol, que dois-je faire ?','2017-02-21 19:47:12','2017-03-07 15:29:44'),(8,17,7,1,'multiple','Q7 : Qui peut réparer un fil d’alimentation électrique sur le chantier ?','2017-02-21 20:27:00','2017-03-07 15:29:55'),(9,18,8,1,'multiple','Q8 : Dans cette situation , que faites-vous ?','2017-02-21 20:28:55','2017-03-07 15:30:05'),(10,19,9,1,'multiple','Q9 : Je peux conduire un engin sur le chantier si :','2017-02-21 20:30:57','2017-03-07 15:30:14'),(11,20,10,1,'multiple','Q10 : Quels comportements adopter quand je me déplace près d’une mini pelle :','2017-02-21 20:33:05','2017-03-07 15:30:26'),(12,21,11,1,'multiple','Q11 : Mon chef me demande d’aller piocher à 3 mètres de haut :','2017-02-21 20:37:13','2017-03-07 15:30:41'),(13,NULL,NULL,NULL,NULL,NULL,'2017-02-21 20:39:30','2017-02-21 20:39:30'),(14,NULL,NULL,NULL,NULL,NULL,'2017-02-21 20:39:41','2017-02-21 20:39:41'),(15,NULL,NULL,NULL,NULL,NULL,'2017-02-21 20:39:48','2017-02-21 20:39:48'),(16,NULL,NULL,NULL,NULL,NULL,'2017-02-21 20:39:55','2017-02-21 20:39:55'),(17,NULL,NULL,NULL,NULL,NULL,'2017-02-21 20:42:30','2017-02-21 20:42:30'),(18,NULL,NULL,NULL,NULL,NULL,'2017-02-21 20:42:42','2017-02-21 20:42:42'),(19,NULL,NULL,NULL,NULL,NULL,'2017-02-21 20:42:59','2017-02-21 20:42:59'),(20,NULL,NULL,NULL,NULL,NULL,'2017-02-21 20:43:12','2017-02-21 20:43:12'),(21,78,12,1,'multiple','Q12 : Parmi ces situations A, B, C et D, lesquelles sont correctes pour travailler en sécurité à proximité ?','2017-02-21 20:43:55','2017-05-21 17:49:12'),(22,34,13,1,'multiple','Q13 : Pour assurer une bonne stabilité de l’échafaudage roulant , que dois-je faire ?','2017-02-21 20:51:52','2017-03-07 15:31:04'),(23,35,14,1,'multiple','Q14 : Je peux monter, démonter ou modifier un échafaudage sur le chantier :','2017-02-21 20:52:53','2017-03-07 15:31:10'),(24,NULL,NULL,NULL,NULL,NULL,'2017-02-21 20:55:18','2017-02-21 20:55:18'),(25,NULL,NULL,NULL,NULL,NULL,'2017-02-21 20:55:34','2017-02-21 20:55:34'),(26,NULL,NULL,NULL,NULL,NULL,'2017-02-21 20:55:49','2017-02-21 20:55:49'),(27,NULL,NULL,NULL,NULL,NULL,'2017-02-21 20:56:22','2017-02-21 20:56:22'),(28,NULL,NULL,NULL,NULL,NULL,'2017-02-21 20:56:25','2017-02-21 20:56:25'),(29,NULL,NULL,NULL,NULL,NULL,'2017-02-21 20:56:28','2017-02-21 20:56:28'),(30,71,15,1,'multiple','Q15 : Parmi ces situations A, B et C, lesquelles sont correctes pour accéder en sécurité au poste de travail en fond de fouille ?','2017-02-21 20:56:32','2017-05-21 17:38:42'),(31,45,16,1,'multiple','Q16 : La méthode de travail prévue ne fonctionne pas, que faites-vous ?','2017-02-21 21:00:32','2017-03-07 15:31:25'),(32,NULL,NULL,NULL,NULL,NULL,'2017-02-21 21:02:55','2017-02-21 21:02:55'),(33,NULL,NULL,NULL,NULL,NULL,'2017-02-21 21:03:03','2017-02-21 21:03:03'),(34,NULL,NULL,NULL,NULL,NULL,'2017-02-21 21:03:17','2017-02-21 21:03:17'),(35,72,17,1,'multiple','Q17 : Parmi ces situations A, B et C, lesquelles sont correctes pour travailler en sécurité sans risque d’ensevelissement ?','2017-02-21 21:03:27','2017-05-21 17:33:29'),(36,52,18,1,'multiple','Q18 : Mon chef me demande de monter sur cette banche pour la décrocher ; que faites-vous ?','2017-02-21 21:07:25','2017-03-07 15:31:41'),(37,53,19,1,'multiple','Q19 : Ce préfabriqué est-il suffisamment stabilisé pour éviter tout risque de renversement ?','2017-02-21 21:08:45','2017-03-07 15:31:47'),(38,54,20,1,'multiple','Q20 : Pour utiliser ces matériels électroportatifs , il suffit :','2017-02-21 21:09:31','2017-03-07 15:31:55'),(39,55,21,1,'multiple','Q21 : Qui doit guider le grutier lors des manœuvres  ?','2017-02-21 21:11:36','2017-03-07 15:32:04'),(40,56,22,1,'multiple','Q22 : Lorsque la manutention est terminée, que dois-je faire de cette sangle à usage unique ?','2017-02-21 21:15:47','2017-03-07 15:32:13'),(41,57,23,1,'multiple','Q23 : Cette opération de levage vous paraît-elle sécurisante ?','2017-02-21 21:18:10','2017-03-07 15:32:20'),(42,NULL,NULL,NULL,NULL,NULL,'2017-02-21 21:21:22','2017-02-21 21:21:22'),(43,NULL,NULL,NULL,NULL,NULL,'2017-02-21 21:21:30','2017-02-21 21:21:30'),(44,NULL,NULL,NULL,NULL,NULL,'2017-02-21 21:21:41','2017-02-21 21:21:41'),(45,73,24,1,'multiple','Q24 : Parmi ces situations A, B et C, lesquelles sont correctes pour travailler en sécurité sans risque de heurt vis-à-vis de la circulation ?','2017-02-21 21:21:46','2017-05-21 17:41:25'),(46,64,25,1,'multiple','Q25 : Mon chef d’équipe me demande de mettre en œuvre ce nouveau produit . Que dois-je faire ?','2017-02-21 21:23:42','2017-03-07 15:32:36');
/*!40000 ALTER TABLE `QCMs_questions` ENABLE KEYS */;
UNLOCK TABLES;

--
-- Table structure for table `QCMs_responses`
--

DROP TABLE IF EXISTS `QCMs_responses`;
/*!40101 SET @saved_cs_client     = @@character_set_client */;
/*!40101 SET character_set_client = utf8 */;
CREATE TABLE `QCMs_responses` (
  `id` int(11) NOT NULL AUTO_INCREMENT,
  `image_id` int(11) DEFAULT NULL,
  `question_id` int(11) DEFAULT NULL,
  `response` longtext COLLATE utf8_unicode_ci,
  `is_true` tinyint(1) NOT NULL,
  `created_at` datetime NOT NULL,
  `updated_at` datetime NOT NULL,
  PRIMARY KEY (`id`),
  UNIQUE KEY `UNIQ_3DBD7A5A3DA5256D` (`image_id`),
  KEY `IDX_3DBD7A5A1E27F6BF` (`question_id`),
  CONSTRAINT `FK_3DBD7A5A1E27F6BF` FOREIGN KEY (`question_id`) REFERENCES `QCMs_questions` (`id`),
  CONSTRAINT `FK_3DBD7A5A3DA5256D` FOREIGN KEY (`image_id`) REFERENCES `image` (`id`)
) ENGINE=InnoDB AUTO_INCREMENT=95 DEFAULT CHARSET=utf8 COLLATE=utf8_unicode_ci;
/*!40101 SET character_set_client = @saved_cs_client */;

--
-- Dumping data for table `QCMs_responses`
--

LOCK TABLES `QCMs_responses` WRITE;
/*!40000 ALTER TABLE `QCMs_responses` DISABLE KEYS */;
INSERT INTO `QCMs_responses` VALUES (1,NULL,1,'Au réfectoire des cantonnements du personnel.',1,'2017-02-12 16:50:09','2017-02-21 19:29:10'),(2,NULL,1,'N’importe où sur le chantier.',0,'2017-02-12 16:50:09','2017-02-21 19:29:10'),(3,NULL,1,'Je ne sais pas.',0,'2017-02-12 16:50:09','2017-02-21 19:29:10'),(4,3,NULL,NULL,0,'2017-02-18 17:29:56','2017-02-18 17:29:56'),(5,4,NULL,NULL,0,'2017-02-18 17:30:04','2017-02-18 17:30:04'),(6,NULL,2,'Point de rassemblement en cas d’urgence.',1,'2017-02-18 17:30:28','2017-02-22 12:31:28'),(7,NULL,2,'Passage obligatoire.',0,'2017-02-18 17:30:28','2017-02-22 12:31:30'),(8,NULL,2,'Sortie de secours.',0,'2017-02-21 19:29:10','2017-02-21 19:29:10'),(9,NULL,3,'Oui',0,'2017-02-21 19:38:31','2017-02-21 19:41:39'),(10,NULL,3,'Non',1,'2017-02-21 19:38:31','2017-02-21 19:41:39'),(11,NULL,5,'Un temps de réaction modifié et rallongé.',1,'2017-02-21 19:41:39','2017-02-21 19:41:39'),(12,NULL,5,'Aucun, si j’ai consommé la veille chez moi.',0,'2017-02-21 19:41:39','2017-02-21 19:41:39'),(13,NULL,5,'Une mauvaise appréciation des risques.',1,'2017-02-21 19:41:39','2017-02-21 19:41:39'),(14,NULL,6,'Moi tout seul',0,'2017-02-21 19:41:39','2017-02-21 19:41:39'),(15,NULL,6,'Moi et mon chef',1,'2017-02-21 19:41:39','2017-02-21 19:41:39'),(16,NULL,6,'Mon chef seulement',0,'2017-02-21 19:41:39','2017-02-21 19:41:39'),(17,NULL,7,'Arrêter mon travail',1,'2017-02-21 19:48:06','2017-02-21 19:48:06'),(18,NULL,7,'Continuer à travailler',0,'2017-02-21 19:48:06','2017-02-21 19:48:06'),(19,NULL,7,'Alerter mon chef',1,'2017-02-21 19:48:06','2017-02-21 19:48:06'),(20,NULL,8,'Tout le monde.',0,'2017-02-21 20:27:28','2017-02-21 20:27:28'),(21,NULL,8,'Une personne habilitée ou le fournisseur.',1,'2017-02-21 20:27:28','2017-02-21 20:27:28'),(22,NULL,9,'Rien, car cela ne me concerne pas.',0,'2017-02-21 20:30:12','2017-02-21 20:30:12'),(23,NULL,9,'J’alerte mon chef pour trouver une solution ensemble.',1,'2017-02-21 20:30:12','2017-02-21 20:30:12'),(24,NULL,9,'Je répare tout seul la protection et ne préviens personne.',0,'2017-02-21 20:30:12','2017-02-21 20:30:12'),(25,NULL,10,'On me le demande exceptionnellement.',0,'2017-02-21 20:31:58','2017-02-21 20:31:58'),(26,NULL,10,'J’ai reçu une Autorisation de conduite écrite pour conduire cet engin sur CE chantier',1,'2017-02-21 20:31:58','2017-02-21 20:31:58'),(27,NULL,10,'J’ai l’accord de mon chef',0,'2017-02-21 20:31:58','2017-02-21 20:31:58'),(28,NULL,11,'Je passe rapidement derrière.',0,'2017-02-21 20:34:55','2017-02-21 20:34:55'),(29,NULL,11,'Je ne reste pas dans les angles morts',1,'2017-02-21 20:34:55','2017-02-21 20:34:55'),(30,NULL,11,'Je vérifie que le conducteur m’a vu avant tout déplacement autour de la mini pelle.',1,'2017-02-21 20:34:55','2017-02-21 20:34:55'),(31,NULL,11,'Aucun, c’est au conducteur de faire attention aux piétons.',0,'2017-02-21 20:34:55','2017-02-21 20:34:55'),(32,NULL,12,'Je monte à l’échelle.',0,'2017-02-21 20:38:31','2017-02-21 20:38:31'),(33,NULL,12,'Je la bloque en pied , je monte à l’ échelle et l’accroche en haut.',0,'2017-02-21 20:38:31','2017-02-21 20:38:31'),(34,NULL,12,'Je lui demande une PIRL (gazelle) ou un échafaudage pour travailler.',1,'2017-02-21 20:38:31','2017-02-21 20:38:31'),(35,22,13,NULL,0,'2017-02-21 20:39:30','2017-02-21 20:39:30'),(36,23,14,NULL,0,'2017-02-21 20:39:41','2017-02-21 20:39:41'),(37,24,15,NULL,0,'2017-02-21 20:39:48','2017-02-21 20:39:48'),(38,25,16,NULL,0,'2017-02-21 20:39:55','2017-02-21 20:39:55'),(39,26,17,NULL,0,'2017-02-21 20:42:30','2017-02-21 20:42:30'),(40,27,18,NULL,0,'2017-02-21 20:42:42','2017-02-21 20:42:42'),(41,28,19,NULL,0,'2017-02-21 20:42:59','2017-02-21 20:42:59'),(42,29,20,NULL,0,'2017-02-21 20:43:12','2017-02-21 20:43:12'),(43,NULL,21,'Réponse A',1,'2017-02-21 20:43:55','2017-05-21 17:49:23'),(44,NULL,21,'Réponse B',1,'2017-02-21 20:43:55','2017-05-21 17:49:23'),(45,NULL,21,'Réponse C',0,'2017-02-21 20:43:55','2017-05-21 17:49:23'),(46,NULL,21,'Réponse D',0,'2017-02-21 20:43:55','2017-05-21 17:49:23'),(47,NULL,22,'Bloquer les freins et mettre les stabilisateurs en fonction de la hauteur de travail.',1,'2017-02-21 20:53:56','2017-02-21 20:53:56'),(48,NULL,22,'Vérifier l’état du sol.',1,'2017-02-21 20:53:56','2017-02-21 20:53:56'),(49,NULL,22,'Demander à un collègue de tenir l’échafaudage.',0,'2017-02-21 20:53:56','2017-02-21 20:53:56'),(50,NULL,23,'Sur ordre de mon chef seulement.',0,'2017-02-21 20:53:56','2017-02-21 20:53:56'),(51,NULL,23,'Si j’ai reçu une formation spécifique et que je suis habilité par mon chef',1,'2017-02-21 20:53:56','2017-02-21 20:53:56'),(52,36,24,NULL,0,'2017-02-21 20:55:18','2017-02-21 20:55:18'),(53,37,25,NULL,0,'2017-02-21 20:55:34','2017-02-21 20:55:34'),(54,38,26,NULL,0,'2017-02-21 20:55:49','2017-02-21 20:55:49'),(55,39,27,NULL,0,'2017-02-21 20:56:22','2017-02-21 20:56:22'),(56,40,28,NULL,0,'2017-02-21 20:56:25','2017-02-21 20:56:25'),(57,41,29,NULL,0,'2017-02-21 20:56:28','2017-02-21 20:56:28'),(58,NULL,30,'Réponse A',1,'2017-02-21 20:56:32','2017-05-21 17:39:34'),(59,NULL,30,'Réponse B',1,'2017-02-21 20:56:32','2017-05-21 17:39:34'),(60,NULL,30,'Réponse C',0,'2017-02-21 20:56:32','2017-05-21 17:39:34'),(61,NULL,31,'Je m’adapte à la situation.',0,'2017-02-21 21:01:31','2017-02-21 21:01:31'),(62,NULL,31,'J’enlève la sécurité qui me gêne',0,'2017-02-21 21:01:31','2017-02-21 21:01:31'),(63,NULL,31,'J’arrête ma tâche et j’alerte mon chef pour adapter le mode opératoire',1,'2017-02-21 21:01:31','2017-02-21 21:01:31'),(64,46,32,NULL,0,'2017-02-21 21:02:55','2017-02-21 21:02:55'),(65,47,33,NULL,0,'2017-02-21 21:03:03','2017-02-21 21:03:03'),(66,48,34,NULL,0,'2017-02-21 21:03:17','2017-02-21 21:03:17'),(67,NULL,35,'Réponse A',1,'2017-02-21 21:03:27','2017-05-21 17:33:29'),(68,NULL,35,'Réponse B',0,'2017-02-21 21:03:27','2017-05-21 17:33:29'),(69,NULL,35,'Réponse C',1,'2017-02-21 21:03:27','2017-05-21 17:33:29'),(70,NULL,36,'Je monte',0,'2017-02-21 21:07:32','2017-02-21 21:07:32'),(71,NULL,36,'Je stabilise la banche avec mon chef avant de monter pour la décrocher.',1,'2017-02-21 21:07:32','2017-02-21 21:07:32'),(72,NULL,37,'Oui',0,'2017-02-21 21:08:49','2017-02-21 21:08:49'),(73,NULL,37,'Non',1,'2017-02-21 21:08:49','2017-02-21 21:08:49'),(74,NULL,38,'De savoir s’en servir.',0,'2017-02-21 21:10:08','2017-02-21 21:10:08'),(75,NULL,38,'D’avoir l’autorisation de l’encadrement qui vérifie mes compétences avant utilisation.',1,'2017-02-21 21:10:08','2017-02-21 21:10:08'),(76,NULL,38,'De faire attention.',0,'2017-02-21 21:10:08','2017-02-21 21:10:08'),(77,NULL,39,'Le chef de chantier ou le chef d’équipe.',0,'2017-02-21 21:12:27','2017-02-21 21:12:27'),(78,NULL,39,'L‘élingueur.',0,'2017-02-21 21:12:27','2017-02-21 21:12:27'),(79,NULL,39,'Un chef de manœuvre habilité par sa hiérarchie     compétent et formé.',1,'2017-02-21 21:12:27','2017-02-21 21:12:27'),(80,NULL,40,'Je la jette dans la benne à déchets.',1,'2017-02-21 21:15:52','2017-02-21 21:15:52'),(81,NULL,40,'Je la conserve , elle peut toujours servir.',0,'2017-02-21 21:15:52','2017-02-21 21:15:52'),(82,NULL,40,'J’accroche une autre charge avec.',0,'2017-02-21 21:15:52','2017-02-21 21:15:52'),(83,NULL,41,'Oui',0,'2017-02-21 21:18:30','2017-02-21 21:18:30'),(84,NULL,41,'Non',1,'2017-02-21 21:18:30','2017-02-21 21:18:30'),(85,NULL,41,'Je ne sais pas.',0,'2017-02-21 21:18:30','2017-02-21 21:18:30'),(86,58,42,NULL,0,'2017-02-21 21:21:22','2017-02-21 21:21:22'),(87,59,43,NULL,0,'2017-02-21 21:21:30','2017-02-21 21:21:30'),(88,60,44,NULL,0,'2017-02-21 21:21:41','2017-02-21 21:21:41'),(89,NULL,45,'Réponse A',1,'2017-02-21 21:21:46','2017-05-21 17:41:25'),(90,NULL,45,'Réponse B',0,'2017-02-21 21:21:46','2017-05-21 17:41:25'),(91,NULL,45,'Réponse C',1,'2017-02-21 21:21:46','2017-05-21 17:41:25'),(92,NULL,46,'Je l’applique comme les autres produits.',0,'2017-02-21 21:27:22','2017-02-21 21:27:22'),(93,NULL,46,'Je demande à mon chef les précautions spécifiques.',1,'2017-02-21 21:27:22','2017-02-21 21:27:22'),(94,NULL,46,'Je l’applique comme les autres produits\r\nJe demande à mon chef les précautions spécifiques\r\nJe consulte les consignes de sécurité indiquées sur l’ étiquette de danger.',1,'2017-02-21 21:27:22','2017-02-21 21:27:22');
/*!40000 ALTER TABLE `QCMs_responses` ENABLE KEYS */;
UNLOCK TABLES;

--
-- Table structure for table `apprenants`
--

DROP TABLE IF EXISTS `apprenants`;
/*!40101 SET @saved_cs_client     = @@character_set_client */;
/*!40101 SET character_set_client = utf8 */;
CREATE TABLE `apprenants` (
  `id` int(11) NOT NULL AUTO_INCREMENT,
  `ett_id` int(11) DEFAULT NULL,
  `of_id` int(11) DEFAULT NULL,
  `attestation_id` int(11) DEFAULT NULL,
  `nom` varchar(255) COLLATE utf8_unicode_ci DEFAULT NULL,
  `prenom` varchar(30) COLLATE utf8_unicode_ci DEFAULT NULL,
  `birthday` datetime DEFAULT NULL,
  `code` varchar(30) COLLATE utf8_unicode_ci DEFAULT NULL,
  `created_at` datetime NOT NULL,
  `updated_at` datetime NOT NULL,
  `on_paper` tinyint(1) DEFAULT NULL,
  PRIMARY KEY (`id`),
  UNIQUE KEY `UNIQ_C71C298277153098` (`code`),
  UNIQUE KEY `UNIQ_C71C29827EDC5B38` (`attestation_id`),
  KEY `IDX_C71C298298F452AC` (`ett_id`),
  KEY `IDX_C71C29825A0DA37C` (`of_id`),
  CONSTRAINT `FK_C71C29825A0DA37C` FOREIGN KEY (`of_id`) REFERENCES `users` (`id`) ON DELETE SET NULL,
  CONSTRAINT `FK_C71C29827EDC5B38` FOREIGN KEY (`attestation_id`) REFERENCES `attestations` (`id`),
  CONSTRAINT `FK_C71C298298F452AC` FOREIGN KEY (`ett_id`) REFERENCES `users` (`id`) ON DELETE SET NULL
) ENGINE=InnoDB AUTO_INCREMENT=442 DEFAULT CHARSET=utf8 COLLATE=utf8_unicode_ci;
/*!40101 SET character_set_client = @saved_cs_client */;

--
-- Dumping data for table `apprenants`
--

LOCK TABLES `apprenants` WRITE;
/*!40000 ALTER TABLE `apprenants` DISABLE KEYS */;
INSERT INTO `apprenants` VALUES (124,21,1,116,'Morgado','Diego','2014-06-03 00:00:00','OJUOMZDIUOOOVKHY','2017-07-11 16:25:17','2017-07-12 11:27:30',NULL),(129,NULL,1,121,NULL,NULL,NULL,'TSWOFXLCCKINFKUY','2017-07-12 10:47:33','2017-07-12 10:47:33',NULL),(130,NULL,NULL,122,'LANDJEV','Nicolas','1992-01-16 10:47:50','LANDJEV160192','2017-07-12 10:47:50','2017-07-12 10:47:50',NULL),(131,NULL,NULL,123,'DUPONT','ALAIN','1968-04-04 10:47:51','DUPONT040468','2017-07-12 10:47:51','2017-07-12 10:47:51',NULL),(132,NULL,NULL,124,'FELLMANN','Jean-Claude','1964-01-20 10:47:52','FELLMANN200164','2017-07-12 10:47:52','2017-07-12 10:47:52',NULL),(133,NULL,NULL,125,'ALVESBRITO','Mickael','1990-05-11 10:47:53','ALVESBRITO110590','2017-07-12 10:47:53','2017-07-12 10:47:53',NULL),(134,NULL,NULL,126,'ESSMIDI','Brahim','1976-02-24 10:47:53','ESSMIDI240276','2017-07-12 10:47:53','2017-07-12 10:47:53',NULL),(135,NULL,NULL,127,'SENECHAL','Matthieu','1985-06-25 10:47:54','SENECHAL250685','2017-07-12 10:47:54','2017-07-12 10:47:54',NULL),(136,NULL,NULL,128,'ALEKSANDER','David','1977-08-24 10:47:55','ALEKSANDER240877','2017-07-12 10:47:55','2017-07-12 10:47:55',NULL),(137,NULL,NULL,129,'VANLOMBERGEN','Steven','1986-08-30 10:47:55','VANLOMBERGEN300886','2017-07-12 10:47:55','2017-07-12 10:47:55',NULL),(138,NULL,NULL,130,'DANIEL','JOACHIM JEAN MARIE','1963-08-16 10:47:56','DANIEL160863','2017-07-12 10:47:56','2017-07-12 10:47:56',NULL),(139,NULL,NULL,131,'THOUVENOT','ALBAN','1969-07-02 10:47:57','THOUVENOT020769','2017-07-12 10:47:57','2017-07-12 10:47:57',NULL),(140,NULL,NULL,132,'MOUSTAID','ABDELKADER','1975-03-28 10:47:57','MOUSTAID280375','2017-07-12 10:47:57','2017-07-12 10:47:57',NULL),(141,NULL,NULL,133,'VILLENEUVE','CEDRICK','1975-05-03 10:47:58','VILLENEUVE030575','2017-07-12 10:47:58','2017-07-12 10:47:58',NULL),(142,NULL,NULL,134,'NOWACKI','AURELIE','1991-10-28 10:47:59','NOWACKI281091','2017-07-12 10:47:59','2017-07-12 10:47:59',NULL),(143,NULL,NULL,135,'MAHU','FLORIAN','1982-04-22 10:47:59','MAHU220482','2017-07-12 10:47:59','2017-07-12 10:47:59',NULL),(144,NULL,NULL,136,'CEYLAN','Mustafa','1959-03-28 10:48:00','CEYLAN280359','2017-07-12 10:48:00','2017-07-12 10:48:00',NULL),(145,NULL,NULL,137,'YAGOUBI','ALI','1975-05-13 10:48:01','YAGOUBI130575','2017-07-12 10:48:01','2017-07-12 10:48:01',NULL),(146,NULL,NULL,138,'DETE','THIBAUT','1990-06-17 10:48:01','DETE170690','2017-07-12 10:48:01','2017-07-12 10:48:01',NULL),(147,NULL,NULL,139,'MAHOUT','Moustapha','1969-07-01 10:48:02','MAHOUT010769','2017-07-12 10:48:02','2017-07-12 10:48:02',NULL),(148,NULL,NULL,140,'HERDA','Patrick','1977-03-04 10:48:02','HERDA040377','2017-07-12 10:48:02','2017-07-12 10:48:02',NULL),(149,NULL,NULL,141,'SOARES','A,thony','1990-05-17 10:48:03','SOARES170590','2017-07-12 10:48:03','2017-07-12 10:48:03',NULL),(150,NULL,NULL,142,'MOREIRA','Jose Augusto','1969-12-21 10:48:04','MOREIRA211269','2017-07-12 10:48:04','2017-07-12 10:48:04',NULL),(151,NULL,NULL,143,'MONTEIRO DIAS','Luis Carlos','1974-09-18 10:48:04','MONTEIRODIAS180974','2017-07-12 10:48:04','2017-07-12 10:48:04',NULL),(152,NULL,NULL,144,'LEFEVRE','Loic','1985-12-07 10:48:05','LEFEVRE071285','2017-07-12 10:48:05','2017-07-12 10:48:05',NULL),(153,NULL,NULL,145,'BOUREAU','PIERRE ALEXANDRE','1988-03-24 10:48:06','BOUREAU240388','2017-07-12 10:48:06','2017-07-12 10:48:06',NULL),(154,NULL,NULL,146,'GOBE','Gregory','1978-01-22 10:48:06','GOBE220178','2017-07-12 10:48:06','2017-07-12 10:48:06',NULL),(155,NULL,NULL,147,'CEFFA','Eric','1966-05-26 10:48:07','CEFFA260566','2017-07-12 10:48:07','2017-07-12 10:48:07',NULL),(156,NULL,NULL,148,'ESCALANTE','REMY','1985-10-12 10:48:08','ESCALANTE121085','2017-07-12 10:48:08','2017-07-12 10:48:08',NULL),(157,NULL,NULL,149,'NASSERI','Ekmal','1983-11-01 10:48:08','NASSERI011183','2017-07-12 10:48:08','2017-07-12 10:48:08',NULL),(158,NULL,NULL,150,'AKSOY','TANJU','1976-01-01 10:48:09','AKSOY010176','2017-07-12 10:48:09','2017-07-12 10:48:09',NULL),(159,NULL,NULL,151,'ARAG','MORAD','1985-12-28 10:48:10','ARAG281285','2017-07-12 10:48:10','2017-07-12 10:48:10',NULL),(160,NULL,NULL,152,'IMLOUL','OMAR ZAIRE','1975-12-11 10:48:10','IMLOUL111275','2017-07-12 10:48:10','2017-07-12 10:48:10',NULL),(161,NULL,NULL,153,'AYDOGDU','SEREF','1961-09-01 10:48:11','AYDOGDU010961','2017-07-12 10:48:11','2017-07-12 10:48:11',NULL),(162,NULL,NULL,154,'AZARKAN','SOFIANE','1995-12-16 10:48:12','AZARKAN161295','2017-07-12 10:48:12','2017-07-12 10:48:12',NULL),(163,NULL,NULL,155,'YILDIZ','ALI RIZA','1970-06-04 10:48:12','YILDIZ040670','2017-07-12 10:48:12','2017-07-12 10:48:12',NULL),(164,NULL,NULL,156,'IFOURAH','NOUARI','1981-01-19 10:48:13','IFOURAH190181','2017-07-12 10:48:13','2017-07-12 10:48:13',NULL),(165,NULL,NULL,157,'MARQUES','FREDERICO','1976-10-27 10:48:13','MARQUES271076','2017-07-12 10:48:13','2017-07-12 10:48:13',NULL),(166,NULL,NULL,158,'TILLIET','ANTONIO','1970-04-13 10:48:14','TILLIET130470','2017-07-12 10:48:14','2017-07-12 10:48:14',NULL),(167,NULL,NULL,159,'SARRAY','FATEH','1977-07-09 10:48:15','SARRAY090777','2017-07-12 10:48:15','2017-07-12 10:48:15',NULL),(168,NULL,NULL,160,'OZAGAC','RASIT','1972-10-31 10:48:15','OZAGAC311072','2017-07-12 10:48:15','2017-07-12 10:48:15',NULL),(169,NULL,NULL,161,'MOULLE','Laurent','1987-11-05 10:48:16','MOULLE051187','2017-07-12 10:48:16','2017-07-12 10:48:16',NULL),(170,NULL,NULL,162,'DJELLOUDI','NAJIM','1985-07-13 10:48:17','DJELLOUDI130785','2017-07-12 10:48:17','2017-07-12 10:48:17',NULL),(171,NULL,NULL,163,'GUYON','ERIC','1982-09-03 10:48:17','GUYON030982','2017-07-12 10:48:17','2017-07-12 10:48:17',NULL),(172,NULL,NULL,164,'MAZURIER','Maximilien','1987-11-01 10:48:18','MAZURIER011187','2017-07-12 10:48:18','2017-07-12 10:48:18',NULL),(173,NULL,NULL,165,'PERROTEY','Benjamin','1979-07-16 10:48:18','PERROTEY160779','2017-07-12 10:48:19','2017-07-12 10:48:19',NULL),(174,NULL,NULL,166,'BROBECKER','Pascal','1961-06-02 10:48:19','BROBECKER020661','2017-07-12 10:48:19','2017-07-12 10:48:19',NULL),(175,NULL,NULL,167,'UCAR','FUAT','1970-05-31 10:48:20','UCAR310570','2017-07-12 10:48:20','2017-07-12 10:48:20',NULL),(176,NULL,NULL,168,'DANNENBERGER','LAURENT','1982-10-03 10:48:21','DANNENBERGER031082','2017-07-12 10:48:21','2017-07-12 10:48:21',NULL),(177,NULL,NULL,169,'PETITNICOLAS','FREDERIC','1968-02-24 10:48:22','PETITNICOLAS240268','2017-07-12 10:48:22','2017-07-12 10:48:22',NULL),(178,NULL,NULL,170,'SAIB','MUSTAPHA','1991-01-24 10:48:22','SAIB240191','2017-07-12 10:48:22','2017-07-12 10:48:22',NULL),(179,NULL,NULL,171,'OZKOSE','Muzaffer','1966-03-16 10:48:23','OZKOSE160366','2017-07-12 10:48:23','2017-07-12 10:48:23',NULL),(180,NULL,NULL,172,'FURDERER','Cyril','1982-12-28 10:48:24','FURDERER281282','2017-07-12 10:48:24','2017-07-12 10:48:24',NULL),(181,NULL,NULL,173,'MAJJOUTE','ABDELMOUNIM','1983-01-20 10:48:24','MAJJOUTE200183','2017-07-12 10:48:24','2017-07-12 10:48:24',NULL),(182,NULL,NULL,174,'ETTAKI','CHAOUKI','1982-03-17 10:48:25','ETTAKI170382','2017-07-12 10:48:25','2017-07-12 10:48:25',NULL),(183,NULL,NULL,175,'STOLL','ALAIN','1964-05-06 10:48:25','STOLL060564','2017-07-12 10:48:25','2017-07-12 10:48:25',NULL),(184,NULL,NULL,176,'PINTO OLIVEIRA','Bruno Filipe','1993-05-15 10:48:26','PINTOOLIVEIRA150593','2017-07-12 10:48:26','2017-07-12 10:48:26',NULL),(185,NULL,NULL,177,'WEIBEL','LAURENT','1984-08-17 10:48:27','WEIBEL170884','2017-07-12 10:48:27','2017-07-12 10:48:27',NULL),(186,NULL,NULL,178,'VELOSO DA SILVA','Armando','1955-03-03 10:48:27','VELOSODASILVA030355','2017-07-12 10:48:27','2017-07-12 10:48:27',NULL),(187,NULL,NULL,179,'TEIXEIRA FIGUEIRA','Carlos Manuel','1972-09-20 10:48:28','TEIXEIRAFIGUEIRA200972','2017-07-12 10:48:28','2017-07-12 10:48:28',NULL),(188,NULL,NULL,180,'MOREIRA DE SOUSA','Jose Nuno','1978-09-19 10:48:29','MOREIRADESOUSA190978','2017-07-12 10:48:29','2017-07-12 10:48:29',NULL),(189,NULL,NULL,181,'BANGOURA','ABOUBACAR','1979-09-05 10:48:29','BANGOURA050979','2017-07-12 10:48:29','2017-07-12 10:48:29',NULL),(190,NULL,NULL,182,'DEVAUX','Damien','1994-07-04 10:48:30','DEVAUX040794','2017-07-12 10:48:30','2017-07-12 10:48:30',NULL),(191,NULL,NULL,183,'MOREIRA DA SILVA','Luis','1972-12-26 10:48:31','MOREIRADASILVA261272','2017-07-12 10:48:31','2017-07-12 10:48:31',NULL),(192,NULL,NULL,184,'RENDAS DOS ANJOS','Rui Goncalo','1978-05-11 10:48:31','RENDASDOSANJOS110578','2017-07-12 10:48:31','2017-07-12 10:48:31',NULL),(193,NULL,NULL,185,'MARVAO','Serafim Antonio','1966-01-12 10:48:32','MARVAO120166','2017-07-12 10:48:32','2017-07-12 10:48:32',NULL),(194,NULL,NULL,186,'MARTINS INACIO','Vitor Manuel','1971-09-11 10:48:33','MARTINSINACIO110971','2017-07-12 10:48:33','2017-07-12 10:48:33',NULL),(195,NULL,NULL,187,'LAPINTE','Sebastien','1979-03-17 10:48:33','LAPINTE170379','2017-07-12 10:48:33','2017-07-12 10:48:33',NULL),(196,NULL,NULL,188,'GUIMARAES FERREIRA','Albino Augusto','1961-04-16 10:48:34','GUIMARAESFERREIRA160461','2017-07-12 10:48:34','2017-07-12 10:48:34',NULL),(197,NULL,NULL,189,'GOMES','Pedro','1973-04-07 10:48:35','GOMES070473','2017-07-12 10:48:35','2017-07-12 10:48:35',NULL),(198,NULL,NULL,190,'DE ALMEIDA MARQUES','Antonio Luis','1966-03-20 10:48:36','DEALMEIDAMARQUES200366','2017-07-12 10:48:36','2017-07-12 10:48:36',NULL),(199,NULL,NULL,191,'DA SILVA','Luis Miguel','1979-07-02 10:48:36','DASILVA020779','2017-07-12 10:48:36','2017-07-12 10:48:36',NULL),(200,NULL,NULL,192,'CABRAL FICHER','Pedro','1969-11-01 10:48:37','CABRALFICHER011169','2017-07-12 10:48:37','2017-07-12 10:48:37',NULL),(201,NULL,NULL,193,'BARROS MONTEZ','Rui Filipe','1964-11-02 10:48:38','BARROSMONTEZ021164','2017-07-12 10:48:38','2017-07-12 10:48:38',NULL),(202,NULL,NULL,194,'BARBOSA LETRAS','Fernando Manuel','1956-06-29 10:48:38','BARBOSALETRAS290656','2017-07-12 10:48:38','2017-07-12 10:48:38',NULL),(203,NULL,NULL,195,'GOURDIKIAN','Pascal','1970-01-30 10:48:39','GOURDIKIAN300170','2017-07-12 10:48:39','2017-07-12 10:48:39',NULL),(204,NULL,NULL,196,'ZOUAOUI','Habib','1965-05-11 10:48:40','ZOUAOUI110565','2017-07-12 10:48:40','2017-07-12 10:48:40',NULL),(205,NULL,NULL,197,'HUGUENEL','FLORIAN','1992-05-29 10:48:40','HUGUENEL290592','2017-07-12 10:48:40','2017-07-12 10:48:40',NULL),(206,NULL,NULL,198,'OUAHAB','LIEZID','1965-11-07 10:48:41','OUAHAB071165','2017-07-12 10:48:41','2017-07-12 10:48:41',NULL),(207,NULL,NULL,199,'VALENTINI','DOMENICO','1957-10-06 10:48:41','VALENTINI061057','2017-07-12 10:48:41','2017-07-12 10:48:41',NULL),(208,NULL,NULL,200,'MONNET','STEPHANE','1971-03-06 10:48:42','MONNET060371','2017-07-12 10:48:42','2017-07-12 10:48:42',NULL),(209,NULL,NULL,201,'BEN ABDALLAH','SOFIEN','1976-11-25 10:48:43','BENABDALLAH251176','2017-07-12 10:48:43','2017-07-12 10:48:43',NULL),(210,NULL,NULL,202,'DOUJJANI','MOHAMED','1957-01-01 10:48:44','DOUJJANI010157','2017-07-12 10:48:44','2017-07-12 10:48:44',NULL),(211,NULL,NULL,203,'MATECKI','ANDRE','1967-12-10 10:48:44','MATECKI101267','2017-07-12 10:48:44','2017-07-12 10:48:44',NULL),(212,NULL,NULL,204,'CHAOUCH','Kamel','1958-01-13 10:48:45','CHAOUCH130158','2017-07-12 10:48:45','2017-07-12 10:48:45',NULL),(213,NULL,NULL,205,'AITZIANE','Amirouche','1987-05-30 10:48:46','AITZIANE300587','2017-07-12 10:48:46','2017-07-12 10:48:46',NULL),(214,NULL,NULL,206,'DACQUAY','HOCINE','1956-07-15 10:48:46','DACQUAY150756','2017-07-12 10:48:46','2017-07-12 10:48:46',NULL),(215,NULL,NULL,207,'YEMEMA','JULES','1972-04-14 10:48:47','YEMEMA140472','2017-07-12 10:48:47','2017-07-12 10:48:47',NULL),(216,NULL,NULL,208,'GARROUB','HASSAN','1964-11-26 10:48:48','GARROUB261164','2017-07-12 10:48:48','2017-07-12 10:48:48',NULL),(217,NULL,NULL,209,'BARLAS','DENIS','1978-07-16 10:48:48','BARLAS160778','2017-07-12 10:48:48','2017-07-12 10:48:48',NULL),(218,NULL,NULL,210,'SOGUT','SULEYMAN','1960-04-25 10:48:49','SOGUT250460','2017-07-12 10:48:49','2017-07-12 10:48:49',NULL),(219,NULL,NULL,211,'SADDOUKI','YASSINE','1983-10-06 10:48:50','SADDOUKI061083','2017-07-12 10:48:50','2017-07-12 10:48:50',NULL),(220,NULL,NULL,212,'TARMOUCHTE','EL HOUCINE','1978-08-25 10:48:50','TARMOUCHTE250878','2017-07-12 10:48:50','2017-07-12 10:48:50',NULL),(221,NULL,NULL,213,'KRASNIQI','Xhafer','1979-06-27 10:48:51','KRASNIQI270679','2017-07-12 10:48:51','2017-07-12 10:48:51',NULL),(222,NULL,NULL,214,'ANGIONE','MICHEL','1955-09-07 10:48:52','ANGIONE070955','2017-07-12 10:48:52','2017-07-12 10:48:52',NULL),(223,NULL,NULL,215,'GARTISER','SYLVAIN','1987-11-23 10:48:52','GARTISER231187','2017-07-12 10:48:52','2017-07-12 10:48:52',NULL),(224,NULL,NULL,216,'OUALI','samir','1975-09-13 10:48:53','OUALI130975','2017-07-12 10:48:53','2017-07-12 10:48:53',NULL),(225,NULL,NULL,217,'KASIKCI','IBRAHIM','1963-01-12 10:48:54','KASIKCI120163','2017-07-12 10:48:54','2017-07-12 10:48:54',NULL),(226,NULL,NULL,218,'ARAYACI','CUMA','1980-07-21 10:48:54','ARAYACI210780','2017-07-12 10:48:54','2017-07-12 10:48:54',NULL),(227,NULL,NULL,219,'FAYE','MODOU','1966-01-14 10:48:55','FAYE140166','2017-07-12 10:48:55','2017-07-12 10:48:55',NULL),(228,NULL,NULL,220,'GUNTZBURGER','CLAUDE','1974-01-14 10:48:56','GUNTZBURGER140174','2017-07-12 10:48:56','2017-07-12 10:48:56',NULL),(229,NULL,NULL,221,'DIBENGUE','Patrick','1991-01-22 10:48:56','DIBENGUE220191','2017-07-12 10:48:56','2017-07-12 10:48:56',NULL),(230,NULL,NULL,222,'AYDI','JAOUAD','1985-12-13 10:48:57','AYDI131285','2017-07-12 10:48:57','2017-07-12 10:48:57',NULL),(231,NULL,NULL,223,'AYDIN','Erhan','1973-09-07 10:48:58','AYDIN070973','2017-07-12 10:48:58','2017-07-12 10:48:58',NULL),(232,NULL,NULL,224,'GOMES PIMENTA','PAULO ALEXANDRE','1991-08-15 10:48:59','GOMESPIMENTA150891','2017-07-12 10:48:59','2017-07-12 10:48:59',NULL),(233,NULL,NULL,225,'AKBABA','MURAT','1975-09-12 10:48:59','AKBABA120975','2017-07-12 10:48:59','2017-07-12 10:48:59',NULL),(234,NULL,NULL,226,'BAYLAN','EDIP','1970-08-01 10:49:00','BAYLAN010870','2017-07-12 10:49:00','2017-07-12 10:49:00',NULL),(235,NULL,NULL,227,'WILHELM','Pierre','1993-03-15 10:49:00','WILHELM150393','2017-07-12 10:49:00','2017-07-12 10:49:00',NULL),(236,NULL,NULL,228,'SIPIERRE','DIDIER','1972-02-14 10:49:01','SIPIERRE140272','2017-07-12 10:49:01','2017-07-12 10:49:01',NULL),(237,NULL,NULL,229,'REZGUI','OMAR','1976-06-24 10:49:02','REZGUI240676','2017-07-12 10:49:02','2017-07-12 10:49:02',NULL),(238,NULL,NULL,230,'LHOTE','PATRICE','1964-09-26 10:49:02','LHOTE260964','2017-07-12 10:49:03','2017-07-12 10:49:03',NULL),(239,NULL,NULL,231,'BOUGHANEM','MALIK','1975-09-04 10:49:03','BOUGHANEM040975','2017-07-12 10:49:03','2017-07-12 10:49:03',NULL),(240,NULL,NULL,232,'PETITOT','KEVIN','1992-04-11 10:49:04','PETITOT110492','2017-07-12 10:49:04','2017-07-12 10:49:04',NULL),(241,NULL,NULL,233,'THEVENIAUD','RAPHAEL','1971-04-30 10:49:04','THEVENIAUD300471','2017-07-12 10:49:04','2017-07-12 10:49:04',NULL),(242,NULL,NULL,234,'DEF','TARIK','1979-05-25 10:49:05','DEF250579','2017-07-12 10:49:05','2017-07-12 10:49:05',NULL),(243,NULL,NULL,235,'DERDERIAN','DANIEL','1965-03-08 10:49:06','DERDERIAN080365','2017-07-12 10:49:06','2017-07-12 10:49:06',NULL),(244,NULL,NULL,236,'SCHUMPF','FREDERIC','1995-04-17 10:49:06','SCHUMPF170495','2017-07-12 10:49:06','2017-07-12 10:49:06',NULL),(245,NULL,NULL,237,'ROUVIERE','FLORENT','1989-10-17 10:49:07','ROUVIERE171089','2017-07-12 10:49:07','2017-07-12 10:49:07',NULL),(246,NULL,NULL,238,'DERRAR','ALI ISMAIL','1986-12-28 10:49:08','DERRAR281286','2017-07-12 10:49:08','2017-07-12 10:49:08',NULL),(247,NULL,NULL,239,'ECH CHAREF','NOUREDINE','1980-01-01 10:49:08','ECHCHAREF010180','2017-07-12 10:49:08','2017-07-12 10:49:08',NULL),(248,NULL,NULL,240,'KAROUI','MEHREZ','1957-11-25 10:49:09','KAROUI251157','2017-07-12 10:49:09','2017-07-12 10:49:09',NULL),(249,NULL,NULL,241,'MARY','Bruno','1980-01-16 10:49:10','MARY160180','2017-07-12 10:49:10','2017-07-12 10:49:10',NULL),(250,NULL,NULL,242,'SAINT VANNE','BERNARD','1955-10-21 10:49:10','SAINTVANNE211055','2017-07-12 10:49:10','2017-07-12 10:49:10',NULL),(251,NULL,NULL,243,'REMPHAN','WILLY','1977-04-21 10:49:11','REMPHAN210477','2017-07-12 10:49:11','2017-07-12 10:49:11',NULL),(252,NULL,NULL,244,'LARISCH','JONATHAN','1980-11-08 10:49:12','LARISCH081180','2017-07-12 10:49:12','2017-07-12 10:49:12',NULL),(253,NULL,NULL,245,'ACAR','BASRI','1964-03-17 10:49:12','ACAR170364','2017-07-12 10:49:12','2017-07-12 10:49:12',NULL),(254,NULL,NULL,246,'QUEVAL','JOHANN','1971-03-09 10:49:13','QUEVAL090371','2017-07-12 10:49:13','2017-07-12 10:49:13',NULL),(255,NULL,NULL,247,'BOZKURT','ERGUN','1970-02-23 10:49:14','BOZKURT230270','2017-07-12 10:49:14','2017-07-12 10:49:14',NULL),(256,NULL,NULL,248,'LIMA CARRIDADE','Jean Pierre','1985-05-08 10:49:14','LIMACARRIDADE080585','2017-07-12 10:49:14','2017-07-12 10:49:14',NULL),(257,NULL,NULL,249,'REDOUANE','Morsli','1986-03-02 10:49:15','REDOUANE020386','2017-07-12 10:49:15','2017-07-12 10:49:15',NULL),(258,NULL,NULL,250,'NOTIN','Steven','1984-08-17 10:49:16','NOTIN170884','2017-07-12 10:49:16','2017-07-12 10:49:16',NULL),(259,NULL,NULL,251,'COLAK','Ibrahim','1978-07-07 10:49:16','COLAK070778','2017-07-12 10:49:16','2017-07-12 10:49:16',NULL),(260,NULL,NULL,252,'DOLCI','Marco','1964-12-02 10:49:17','DOLCI021264','2017-07-12 10:49:17','2017-07-12 10:49:17',NULL),(261,NULL,NULL,253,'SOLTANE','Azzeddine','1972-03-11 10:49:18','SOLTANE110372','2017-07-12 10:49:18','2017-07-12 10:49:18',NULL),(262,NULL,NULL,254,'RAMASSAMY','Giovanny','1986-04-07 10:49:18','RAMASSAMY070486','2017-07-12 10:49:18','2017-07-12 10:49:18',NULL),(263,NULL,NULL,255,'MIGUEL','Joao','1969-02-17 10:49:19','MIGUEL170269','2017-07-12 10:49:19','2017-07-12 10:49:19',NULL),(264,NULL,NULL,256,'KLEIN','Damien','1985-03-08 10:49:20','KLEIN080385','2017-07-12 10:49:20','2017-07-12 10:49:20',NULL),(265,NULL,NULL,257,'GULER','Ercan','1981-04-01 10:49:20','GULER010481','2017-07-12 10:49:20','2017-07-12 10:49:20',NULL),(266,NULL,NULL,258,'GARCIA','Dimas','1966-01-31 10:49:21','GARCIA310166','2017-07-12 10:49:21','2017-07-12 10:49:21',NULL),(267,NULL,NULL,259,'DAGLAYAN','Ismail','1963-04-01 10:49:22','DAGLAYAN010463','2017-07-12 10:49:22','2017-07-12 10:49:22',NULL),(268,NULL,NULL,260,'CAN','YASAR','1971-06-01 10:49:22','CAN010671','2017-07-12 10:49:22','2017-07-12 10:49:22',NULL),(269,NULL,NULL,261,'SOILATI','eric','1995-07-22 10:49:23','SOILATI220795','2017-07-12 10:49:23','2017-07-12 10:49:23',NULL),(270,NULL,NULL,262,'SCHNEIDER','YANN','1994-11-10 10:49:24','SCHNEIDER101194','2017-07-12 10:49:24','2017-07-12 10:49:24',NULL),(271,NULL,NULL,263,'REINHARDT','Gillou','1993-04-18 10:49:24','REINHARDT180493','2017-07-12 10:49:24','2017-07-12 10:49:24',NULL),(272,NULL,NULL,264,'OMOAJE','ahmed','1979-08-05 10:49:25','OMOAJE050879','2017-07-12 10:49:25','2017-07-12 10:49:25',NULL),(273,NULL,NULL,265,'MEKKI','ABDERRHIM','1982-01-28 10:49:26','MEKKI280182','2017-07-12 10:49:26','2017-07-12 10:49:26',NULL),(274,NULL,NULL,266,'MAHAMOUD','DAMI','1988-03-02 10:49:27','MAHAMOUD020388','2017-07-12 10:49:27','2017-07-12 10:49:27',NULL),(275,NULL,NULL,267,'IZIZI','nordine','1977-10-28 10:49:27','IZIZI281077','2017-07-12 10:49:27','2017-07-12 10:49:27',NULL),(276,NULL,NULL,268,'EL FITOURI','MOKTHAR','1985-01-07 10:49:28','ELFITOURI070185','2017-07-12 10:49:28','2017-07-12 10:49:28',NULL),(277,NULL,NULL,269,'CIRE','STEVE','1996-06-24 10:49:29','CIRE240696','2017-07-12 10:49:29','2017-07-12 10:49:29',NULL),(278,NULL,NULL,270,'BARTHEL','JEROME','1991-02-10 10:49:29','BARTHEL100291','2017-07-12 10:49:29','2017-07-12 10:49:29',NULL),(279,NULL,NULL,271,'BOULANGER','Mathieu','1976-07-09 10:49:30','BOULANGER070976','2017-07-12 10:49:30','2017-07-12 10:49:30',NULL),(280,NULL,NULL,272,'TUNCER','Hasan','1972-10-12 10:49:31','TUNCER101272','2017-07-12 10:49:31','2017-07-12 10:49:31',NULL),(281,NULL,NULL,273,'OVA','Umit','1984-01-25 10:49:31','OVA250184','2017-07-12 10:49:31','2017-07-12 10:49:31',NULL),(282,NULL,NULL,274,'JOSEPH','DENIS','1963-09-01 10:49:32','JOSEPH010963','2017-07-12 10:49:32','2017-07-12 10:49:32',NULL),(283,NULL,NULL,275,'GOUOT','TONY','1992-10-08 10:49:33','GOUOT081092','2017-07-12 10:49:33','2017-07-12 10:49:33',NULL),(284,NULL,NULL,276,'BAKARI','NADHUROU','1981-08-25 10:49:33','BAKARI250881','2017-07-12 10:49:33','2017-07-12 10:49:33',NULL),(285,NULL,NULL,277,'FRANDER','Louis','1992-10-27 10:49:34','FRANDER271092','2017-07-12 10:49:34','2017-07-12 10:49:34',NULL),(286,NULL,NULL,278,'RIBEIRO PEDROSO','Joao','1965-06-12 10:49:35','RIBEIROPEDROSO120665','2017-07-12 10:49:35','2017-07-12 10:49:35',NULL),(287,NULL,NULL,279,'PAMUK','Cagri','1981-09-15 10:49:35','PAMUK150981','2017-07-12 10:49:35','2017-07-12 10:49:35',NULL),(288,NULL,NULL,280,'SATERIH','Hassan','1966-10-01 10:49:36','SATERIH100166','2017-07-12 10:49:36','2017-07-12 10:49:36',NULL),(289,NULL,NULL,281,'DOMINGUES','José','1976-06-19 10:49:37','DOMINGUES190676','2017-07-12 10:49:37','2017-07-12 10:49:37',NULL),(290,NULL,NULL,282,'ALCINKAYA','Philippe','1964-10-10 10:49:37','ALCINKAYA101064','2017-07-12 10:49:37','2017-07-12 10:49:37',NULL),(291,NULL,NULL,283,'HUNNEROGLU','Turan','1964-08-22 10:49:38','HUNNEROGLU220864','2017-07-12 10:49:38','2017-07-12 10:49:38',NULL),(292,NULL,NULL,284,'GERLING','Jérémy','1989-03-04 10:49:39','GERLING040389','2017-07-12 10:49:39','2017-07-12 10:49:39',NULL),(293,NULL,NULL,285,'GEORGE','Philippe','1968-10-08 10:49:39','GEORGE081068','2017-07-12 10:49:39','2017-07-12 10:49:39',NULL),(294,NULL,NULL,286,'BASTIEN','Jonathan','1985-08-19 10:49:40','BASTIEN190885','2017-07-12 10:49:40','2017-07-12 10:49:40',NULL),(295,NULL,NULL,287,'BOUKACEM','Stéphane','1988-09-20 10:49:41','BOUKACEM200988','2017-07-12 10:49:41','2017-07-12 10:49:41',NULL),(296,NULL,NULL,288,'BERRABAH','TEWFIK','1984-06-17 10:49:41','BERRABAH170684','2017-07-12 10:49:41','2017-07-12 10:49:41',NULL),(297,NULL,NULL,289,'BOUKEF','WASSIM','1982-02-17 10:49:42','BOUKEF170282','2017-07-12 10:49:42','2017-07-12 10:49:42',NULL),(298,NULL,NULL,290,'YILDIZ','OZCAN','1994-08-15 10:49:43','YILDIZ150894','2017-07-12 10:49:43','2017-07-12 10:49:43',NULL),(299,NULL,NULL,291,'ZMIKOSKOCIC','JELENA','1973-10-17 10:49:43','ZMIKOSKOCIC171073','2017-07-12 10:49:43','2017-07-12 10:49:43',NULL),(300,NULL,NULL,292,'KAYHAN','SEFER','1960-07-31 10:49:44','KAYHAN310760','2017-07-12 10:49:44','2017-07-12 10:49:44',NULL),(301,NULL,NULL,293,'KIDRI','LAIDI','1964-02-24 10:49:45','KIDRI240264','2017-07-12 10:49:45','2017-07-12 10:49:45',NULL),(302,NULL,NULL,294,'MEDFAI','ABDELLAZIZ','1963-10-06 10:49:45','MEDFAI061063','2017-07-12 10:49:45','2017-07-12 10:49:45',NULL),(303,NULL,NULL,295,'AGIDIFE','OGHENEKARO','1979-08-08 10:49:46','AGIDIFE080879','2017-07-12 10:49:46','2017-07-12 10:49:46',NULL),(304,NULL,NULL,296,'OUAKLI','Abdelmadjid','1971-04-02 10:49:47','OUAKLI020471','2017-07-12 10:49:47','2017-07-12 10:49:47',NULL),(305,NULL,NULL,297,'PUC','David','1972-02-22 10:49:48','PUC220272','2017-07-12 10:49:48','2017-07-12 10:49:48',NULL),(306,NULL,NULL,298,'NAGEL','FREDERIC','1989-05-23 10:49:48','NAGEL230589','2017-07-12 10:49:48','2017-07-12 10:49:48',NULL),(307,NULL,NULL,299,'EL AZZAOUI','LAHCEN','1979-12-22 10:49:49','ELAZZAOUI221279','2017-07-12 10:49:49','2017-07-12 10:49:49',NULL),(308,NULL,NULL,300,'BASALLAM','MOHAMED','1981-11-27 10:49:50','BASALLAM271181','2017-07-12 10:49:50','2017-07-12 10:49:50',NULL),(309,NULL,NULL,301,'HOHL','GREGORY','1980-01-24 10:49:50','HOHL240180','2017-07-12 10:49:50','2017-07-12 10:49:50',NULL),(310,NULL,NULL,302,'BOUAZZIZ','BRAHIM','1970-02-17 10:49:51','BOUAZZIZ170270','2017-07-12 10:49:51','2017-07-12 10:49:51',NULL),(311,NULL,NULL,303,'HENRIQUES','VICTOR','1977-05-30 10:49:52','HENRIQUES300577','2017-07-12 10:49:52','2017-07-12 10:49:52',NULL),(312,NULL,NULL,304,'COLAS','PASCAL','1958-06-06 10:49:52','COLAS060658','2017-07-12 10:49:52','2017-07-12 10:49:52',NULL),(313,NULL,NULL,305,'BONIFAZI','Luciano','1992-07-10 10:49:53','BONIFAZI100792','2017-07-12 10:49:53','2017-07-12 10:49:53',NULL),(314,NULL,NULL,306,'MACALOU','FILIDION','1968-01-01 10:49:54','MACALOU010168','2017-07-12 10:49:54','2017-07-12 10:49:54',NULL),(315,NULL,NULL,307,'TRAJILOVIC','DJORDJE','1955-05-05 10:49:54','TRAJILOVIC050555','2017-07-12 10:49:54','2017-07-12 10:49:54',NULL),(316,NULL,NULL,308,'FLEURENTIN','BERNARD','1973-02-06 10:49:55','FLEURENTIN060273','2017-07-12 10:49:55','2017-07-12 10:49:55',NULL),(317,NULL,NULL,309,'AARAB','HICHAM','1984-07-03 10:49:56','AARAB030784','2017-07-12 10:49:56','2017-07-12 10:49:56',NULL),(318,NULL,NULL,310,'SACI','OMAR','1969-10-07 10:49:56','SACI071069','2017-07-12 10:49:56','2017-07-12 10:49:56',NULL),(319,NULL,NULL,311,'ZERKOUNE','ABDELHAKIM','1973-07-01 10:49:57','ZERKOUNE010773','2017-07-12 10:49:57','2017-07-12 10:49:57',NULL),(320,NULL,NULL,312,'MECHERI','NADJIB','1976-10-08 10:49:58','MECHERI081076','2017-07-12 10:49:58','2017-07-12 10:49:58',NULL),(321,NULL,NULL,313,'ALAY','YAKUB','1997-01-03 10:49:58','ALAY030197','2017-07-12 10:49:58','2017-07-12 10:49:58',NULL),(322,NULL,NULL,314,'DUCHAUD','PASCAL','1963-03-15 10:49:59','DUCHAUD150363','2017-07-12 10:49:59','2017-07-12 10:49:59',NULL),(323,NULL,NULL,315,'BARROYER','ALEXANDRE','1965-03-17 10:50:00','BARROYER170365','2017-07-12 10:50:00','2017-07-12 10:50:00',NULL),(324,NULL,NULL,316,'THIERCY','AURELIEN','1980-05-07 10:50:01','THIERCY070580','2017-07-12 10:50:01','2017-07-12 10:50:01',NULL),(325,NULL,NULL,317,'DIENG','SERIGNE','1973-07-30 10:50:01','DIENG300773','2017-07-12 10:50:01','2017-07-12 10:50:01',NULL),(326,NULL,NULL,318,'FELGINE','ARNAUD','1979-05-29 10:50:02','FELGINE290579','2017-07-12 10:50:02','2017-07-12 10:50:02',NULL),(327,NULL,NULL,319,'HAKIER','PHILIPPE','1961-12-29 10:50:03','HAKIER291261','2017-07-12 10:50:03','2017-07-12 10:50:03',NULL),(328,NULL,NULL,320,'VURAL','MURAT','1971-09-16 10:50:03','VURAL160971','2017-07-12 10:50:03','2017-07-12 10:50:03',NULL),(329,NULL,NULL,321,'FERREIRA','ARMANDO','1958-03-14 10:50:04','FERREIRA140358','2017-07-12 10:50:04','2017-07-12 10:50:04',NULL),(330,NULL,NULL,322,'AINOC','ALAIN','1974-02-25 10:50:05','AINOC250274','2017-07-12 10:50:05','2017-07-12 10:50:05',NULL),(331,NULL,NULL,323,'KAHRAMAN','ARSLAN','1972-01-02 10:50:05','KAHRAMAN020172','2017-07-12 10:50:05','2017-07-12 10:50:05',NULL),(332,NULL,NULL,324,'CHAINEL','EMMANUEL','1975-04-17 10:50:06','CHAINEL170475','2017-07-12 10:50:06','2017-07-12 10:50:06',NULL),(333,NULL,NULL,325,'ATROKOUK','RACHID','1965-01-01 10:50:07','ATROKOUK010165','2017-07-12 10:50:07','2017-07-12 10:50:07',NULL),(334,NULL,NULL,326,'LEGRAND','RAPHAEL','1987-06-19 10:50:07','LEGRAND190687','2017-07-12 10:50:07','2017-07-12 10:50:07',NULL),(335,NULL,NULL,327,'RADAH','ABDESLAM','1962-02-05 10:50:08','RADAH050262','2017-07-12 10:50:08','2017-07-12 10:50:08',NULL),(336,NULL,NULL,328,'MOUNIR','MOHAMED','1956-01-01 10:50:09','MOUNIR010156','2017-07-12 10:50:09','2017-07-12 10:50:09',NULL),(337,NULL,NULL,329,'SGHAIER','LOTFI','1989-07-14 10:50:09','SGHAIER140789','2017-07-12 10:50:09','2017-07-12 10:50:09',NULL),(338,NULL,NULL,330,'DIELEMANS','GREGORY','1983-09-12 10:50:10','DIELEMANS120983','2017-07-12 10:50:10','2017-07-12 10:50:10',NULL),(339,NULL,NULL,331,'LEGUEN','BRUNO','1969-06-11 10:50:11','LEGUEN110669','2017-07-12 10:50:11','2017-07-12 10:50:11',NULL),(340,NULL,NULL,332,'DUARTE','JOSE','1965-03-25 10:50:11','DUARTE250365','2017-07-12 10:50:11','2017-07-12 10:50:11',NULL),(341,NULL,NULL,333,'BENHARI','RAFIK','1982-04-05 10:50:12','BENHARI050482','2017-07-12 10:50:12','2017-07-12 10:50:12',NULL),(342,NULL,NULL,334,'SASI','SUKA','1982-11-24 10:50:13','SASI241182','2017-07-12 10:50:13','2017-07-12 10:50:13',NULL),(343,NULL,NULL,335,'PEREIRA','MICHEL','1971-07-16 10:50:13','PEREIRA160771','2017-07-12 10:50:13','2017-07-12 10:50:13',NULL),(344,NULL,NULL,336,'AFFAN','LAID','1982-09-26 10:50:14','AFFAN260982','2017-07-12 10:50:14','2017-07-12 10:50:14',NULL),(345,NULL,NULL,337,'AMRANE','BACHIR','1962-12-12 10:50:15','AMRANE121262','2017-07-12 10:50:15','2017-07-12 10:50:15',NULL),(346,NULL,NULL,338,'AIT ABDERRAHMAN','MOHAMED','1978-06-09 10:50:15','AITABDERRAHMAN090678','2017-07-12 10:50:15','2017-07-12 10:50:15',NULL),(347,NULL,NULL,339,'AIT ABDERRAHMAN','ISMAEL','1986-10-06 10:50:16','AITABDERRAHMAN061086','2017-07-12 10:50:16','2017-07-12 10:50:16',NULL),(348,NULL,NULL,340,'BETTAHAR','MOULAI','1957-07-20 10:50:17','BETTAHAR200757','2017-07-12 10:50:17','2017-07-12 10:50:17',NULL),(349,NULL,NULL,341,'YILDIRIM','NESIM','1962-05-01 10:50:18','YILDIRIM010562','2017-07-12 10:50:18','2017-07-12 10:50:18',NULL),(350,NULL,NULL,342,'MAOUCHE','YEUCEF','1968-05-26 10:50:18','MAOUCHE260568','2017-07-12 10:50:18','2017-07-12 10:50:18',NULL),(351,NULL,NULL,343,'AIT HAMOU','HAMMADI','1972-03-13 10:50:19','AITHAMOU130372','2017-07-12 10:50:19','2017-07-12 10:50:19',NULL),(352,NULL,NULL,344,'ALKAMA','MEHDI','1988-11-05 10:50:20','ALKAMA051188','2017-07-12 10:50:20','2017-07-12 10:50:20',NULL),(353,NULL,NULL,345,'KARABINAR','VEYSEL','1965-04-14 10:50:20','KARABINAR140465','2017-07-12 10:50:20','2017-07-12 10:50:20',NULL),(354,NULL,NULL,346,'BELARBI','CHERIF','1970-04-01 10:50:21','BELARBI010470','2017-07-12 10:50:21','2017-07-12 10:50:21',NULL),(355,NULL,NULL,347,'LATRACH','HASAN','1966-01-30 10:50:22','LATRACH300166','2017-07-12 10:50:22','2017-07-12 10:50:22',NULL),(356,NULL,NULL,348,'DEHE','THOMAS','1984-10-22 10:50:23','DEHE221084','2017-07-12 10:50:23','2017-07-12 10:50:23',NULL),(357,NULL,NULL,349,'ILHAN','AHMET','1964-06-07 10:50:23','ILHAN070664','2017-07-12 10:50:23','2017-07-12 10:50:23',NULL),(358,NULL,NULL,350,'CLAUSEN','JOHAN','1986-12-18 10:50:24','CLAUSEN181286','2017-07-12 10:50:24','2017-07-12 10:50:24',NULL),(359,NULL,NULL,351,'BELABASSI','MOHAMED','1990-08-14 10:50:25','BELABASSI140890','2017-07-12 10:50:25','2017-07-12 10:50:25',NULL),(360,NULL,NULL,352,'LUCEA','VICTOR','1966-07-28 10:50:25','LUCEA280766','2017-07-12 10:50:25','2017-07-12 10:50:25',NULL),(361,NULL,NULL,353,'CAPELLI','Stéphane','1971-06-18 10:50:26','CAPELLI180671','2017-07-12 10:50:26','2017-07-12 10:50:26',NULL),(362,NULL,NULL,354,'BENTI','Julien','1985-07-18 10:50:27','BENTI180785','2017-07-12 10:50:27','2017-07-12 10:50:27',NULL),(363,NULL,NULL,355,'BAPTISTA','MANUEL','1964-10-20 10:50:27','BAPTISTA201064','2017-07-12 10:50:27','2017-07-12 10:50:27',NULL),(364,NULL,NULL,356,'ONKOL','IDRISS','1968-01-01 10:50:28','ONKOL010168','2017-07-12 10:50:28','2017-07-12 10:50:28',NULL),(365,NULL,NULL,357,'TUNCER','MUSTAPHA','1973-12-01 10:50:29','TUNCER011273','2017-07-12 10:50:29','2017-07-12 10:50:29',NULL),(366,NULL,NULL,358,'ZAMORA BARBOSA','ARNALDO ALCALA','1964-11-22 10:50:29','ZAMORABARBOSA221164','2017-07-12 10:50:29','2017-07-12 10:50:29',NULL),(367,NULL,NULL,359,'SARAGOCA LEAO','JOSE MANUEL','1993-08-26 10:50:30','SARAGOCALEAO260893','2017-07-12 10:50:30','2017-07-12 10:50:30',NULL),(368,NULL,NULL,360,'SANTOS MARTINS OLIVEIRA','BRUNO DANIEL','1987-11-28 10:50:31','SANTOSMARTINSOLIVEIRA281187','2017-07-12 10:50:31','2017-07-12 10:50:31',NULL),(369,NULL,NULL,361,'SANTOS DE ALMEIDA','CARLOS OLIVEIRA','1962-05-08 10:50:31','SANTOSDEALMEIDA080562','2017-07-12 10:50:31','2017-07-12 10:50:31',NULL),(370,NULL,NULL,362,'RODRIGUES DOS SANTOS ARAUJO','RICARDO JORGE','1985-10-20 10:50:32','RODRIGUESDOSSANTOSARAUJO201085','2017-07-12 10:50:32','2017-07-12 10:50:32',NULL),(371,NULL,NULL,363,'PIRES DE MOURA','FERNANDO OSCAR','1979-03-19 10:50:33','PIRESDEMOURA190379','2017-07-12 10:50:33','2017-07-12 10:50:33',NULL),(372,NULL,NULL,364,'PESTANA FERREIRA','JOAO AVELINO','1975-12-12 10:50:34','PESTANAFERREIRA121275','2017-07-12 10:50:34','2017-07-12 10:50:34',NULL),(373,NULL,NULL,365,'MARQUES SANTOS','RICARDO MIGUEL','1965-02-15 10:50:34','MARQUESSANTOS150265','2017-07-12 10:50:34','2017-07-12 10:50:34',NULL),(374,NULL,NULL,366,'LOPES MENDES','EUCLIDES DORIVA','1976-06-15 10:50:36','LOPESMENDES150676','2017-07-12 10:50:36','2017-07-12 10:50:36',NULL),(375,NULL,NULL,367,'DIALLO','MAMADOO ALIOU','1970-12-22 10:50:36','DIALLO221270','2017-07-12 10:50:36','2017-07-12 10:50:36',NULL),(376,NULL,NULL,368,'DE ALMEIDA','RUI MANUEL','1976-02-22 10:50:37','DEALMEIDA220276','2017-07-12 10:50:37','2017-07-12 10:50:37',NULL),(377,NULL,NULL,369,'COELHO DA CRUZ','NUNO FILIPE','1984-06-30 10:50:38','COELHODACRUZ300684','2017-07-12 10:50:38','2017-07-12 10:50:38',NULL),(378,NULL,NULL,370,'AIBO BOTI','SAMSON','1980-07-28 10:50:39','AIBOBOTI280780','2017-07-12 10:50:39','2017-07-12 10:50:39',NULL),(379,NULL,NULL,371,'FERHAT','BENCHAIB','1982-01-04 10:50:39','FERHAT040182','2017-07-12 10:50:39','2017-07-12 10:50:39',NULL),(380,NULL,NULL,372,'GUETTAF','AKIM','1988-08-09 10:50:40','GUETTAF090888','2017-07-12 10:50:40','2017-07-12 10:50:40',NULL),(381,NULL,NULL,373,'JACQUEMIN','VALENTIN','1997-03-11 10:50:41','JACQUEMIN110397','2017-07-12 10:50:41','2017-07-12 10:50:41',NULL),(382,NULL,NULL,374,'BERTHEL','CYRIL','1985-06-17 10:50:41','BERTHEL170685','2017-07-12 10:50:41','2017-07-12 10:50:41',NULL),(383,NULL,NULL,375,'BURT','MICHEL','1980-12-27 10:50:42','BURT271280','2017-07-12 10:50:42','2017-07-12 10:50:42',NULL),(384,NULL,NULL,376,'TABOUI','FADHEL','1974-08-02 10:50:43','TABOUI020874','2017-07-12 10:50:43','2017-07-12 10:50:43',NULL),(385,NULL,NULL,377,'TOPUZ','SEDAT','1982-03-13 10:50:43','TOPUZ130382','2017-07-12 10:50:43','2017-07-12 10:50:43',NULL),(386,NULL,NULL,378,'VUILLAUME','GERALD','1987-11-05 10:50:44','VUILLAUME051187','2017-07-12 10:50:44','2017-07-12 10:50:44',NULL),(387,NULL,NULL,379,'ZOUBIR','ABDELKADER','1973-11-05 10:50:45','ZOUBIR051173','2017-07-12 10:50:45','2017-07-12 10:50:45',NULL),(388,NULL,NULL,380,'YAMAN','AHMET','1979-07-09 10:50:46','YAMAN090779','2017-07-12 10:50:46','2017-07-12 10:50:46',NULL),(389,NULL,NULL,381,'OUMHAMD','HAMMOU','1981-12-31 10:50:46','OUMHAMD311281','2017-07-12 10:50:46','2017-07-12 10:50:46',NULL),(390,NULL,NULL,382,'GONCALVES','ADELINO','1957-09-02 10:50:47','GONCALVES020957','2017-07-12 10:50:47','2017-07-12 10:50:47',NULL),(391,NULL,NULL,383,'FALLITO','MORGAN','1986-08-11 10:50:48','FALLITO110886','2017-07-12 10:50:48','2017-07-12 10:50:48',NULL),(392,NULL,NULL,384,'GUETTAF','MEHDI','1992-01-24 10:50:48','GUETTAF240192','2017-07-12 10:50:48','2017-07-12 10:50:48',NULL),(393,NULL,NULL,385,'ENCINAS','FRANCISCO','1970-08-17 10:50:49','ENCINAS170870','2017-07-12 10:50:49','2017-07-12 10:50:49',NULL),(394,NULL,NULL,386,'ELKHADIR','HICHAM','1977-06-20 10:50:50','ELKHADIR200677','2017-07-12 10:50:50','2017-07-12 10:50:50',NULL),(395,NULL,NULL,387,'BEKIRGIL','MEHMET','1968-04-20 10:50:50','BEKIRGIL200468','2017-07-12 10:50:50','2017-07-12 10:50:50',NULL),(396,NULL,NULL,388,'TOUATI','ALI','1971-02-16 10:50:51','TOUATI160271','2017-07-12 10:50:51','2017-07-12 10:50:51',NULL),(397,NULL,NULL,389,'PEYROMAURE','LAZASOA','1984-01-23 10:50:52','PEYROMAURE230184','2017-07-12 10:50:52','2017-07-12 10:50:52',NULL),(398,NULL,NULL,390,'LEMJAOURI','AZZIZ','1976-10-05 10:50:52','LEMJAOURI051076','2017-07-12 10:50:52','2017-07-12 10:50:52',NULL),(399,NULL,NULL,391,'YILDIRIM','ERIC','1988-01-30 10:50:53','YILDIRIM300188','2017-07-12 10:50:53','2017-07-12 10:50:53',NULL),(400,NULL,NULL,392,'DHAIMINI','HAMID','1968-02-01 10:50:54','DHAIMINI010268','2017-07-12 10:50:54','2017-07-12 10:50:54',NULL),(401,NULL,NULL,393,'KARABEY','SERAFETTIN','1962-02-16 10:50:55','KARABEY160262','2017-07-12 10:50:55','2017-07-12 10:50:55',NULL),(402,NULL,NULL,394,'SEDOUD','ADEL','1991-07-14 10:50:55','SEDOUD140791','2017-07-12 10:50:55','2017-07-12 10:50:55',NULL),(403,NULL,NULL,395,'GUIGNARD','Adrien','1991-06-23 10:50:56','GUIGNARD230691','2017-07-12 10:50:56','2017-07-12 10:50:56',NULL),(404,NULL,NULL,396,'YILDIRIM','MEHMET','1971-02-23 10:50:57','YILDIRIM230271','2017-07-12 10:50:57','2017-07-12 10:50:57',NULL),(405,NULL,NULL,397,'TCHISSAMBOU','JEAN','1976-04-04 10:50:57','TCHISSAMBOU040476','2017-07-12 10:50:57','2017-07-12 10:50:57',NULL),(406,NULL,NULL,398,'MABROUK','HICHAM','1976-09-02 10:50:58','MABROUK020976','2017-07-12 10:50:58','2017-07-12 10:50:58',NULL),(407,NULL,NULL,399,'KHATTAR','BOUDALI','1963-01-08 10:50:59','KHATTAR080163','2017-07-12 10:50:59','2017-07-12 10:50:59',NULL),(408,NULL,NULL,400,'HOKE','BEKTAS','1977-01-01 10:50:59','HOKE010177','2017-07-12 10:50:59','2017-07-12 10:50:59',NULL),(409,NULL,NULL,401,'HABIBATNI','RACHID','1970-10-18 10:51:00','HABIBATNI181070','2017-07-12 10:51:00','2017-07-12 10:51:00',NULL),(410,NULL,NULL,402,'ETTAKI','MOHAMED','1978-07-10 10:51:01','ETTAKI100778','2017-07-12 10:51:01','2017-07-12 10:51:01',NULL),(411,NULL,NULL,403,'CHABBI','AHMED','1971-02-16 10:51:01','CHABBI160271','2017-07-12 10:51:01','2017-07-12 10:51:01',NULL),(412,NULL,NULL,404,'BENALI','WESSEM','1978-09-18 10:51:02','BENALI180978','2017-07-12 10:51:02','2017-07-12 10:51:02',NULL),(413,NULL,NULL,405,'BENA','MICK','1993-04-11 10:51:03','BENA110493','2017-07-12 10:51:03','2017-07-12 10:51:03',NULL),(414,NULL,NULL,406,'BADRANI','BELAID','1963-04-24 10:51:04','BADRANI240463','2017-07-12 10:51:04','2017-07-12 10:51:04',NULL),(415,NULL,NULL,407,'AZARKANE','TIJANI','1970-08-28 10:51:04','AZARKANE280870','2017-07-12 10:51:04','2017-07-12 10:51:04',NULL),(416,NULL,NULL,408,'AZARKAN','SAID','1966-11-15 10:51:05','AZARKAN151166','2017-07-12 10:51:05','2017-07-12 10:51:05',NULL),(417,NULL,NULL,409,'AZARKAN','MOHAMED','1962-09-15 10:51:06','AZARKAN150962','2017-07-12 10:51:06','2017-07-12 10:51:06',NULL),(418,NULL,NULL,410,'AYDOGDU','MUSTAFA','1966-06-15 10:51:06','AYDOGDU150666','2017-07-12 10:51:06','2017-07-12 10:51:06',NULL),(419,NULL,NULL,411,'ARKOUB','ALLAL','1973-05-10 10:51:07','ARKOUB100573','2017-07-12 10:51:07','2017-07-12 10:51:07',NULL),(420,NULL,NULL,412,'MALCONTENTI','AURELIEN','1988-10-04 10:51:08','MALCONTENTI041088','2017-07-12 10:51:08','2017-07-12 10:51:08',NULL),(421,NULL,NULL,413,'ALVAREZ','JOSE','1969-01-05 10:51:08','ALVAREZ050169','2017-07-12 10:51:08','2017-07-12 10:51:08',NULL),(422,NULL,NULL,414,'HENNIMANSOUR','MAAMAR','1974-01-06 10:51:09','HENNIMANSOUR060174','2017-07-12 10:51:09','2017-07-12 10:51:09',NULL),(423,NULL,NULL,415,'DASILVALUIS','SIDONIO','1982-06-04 10:51:10','DASILVALUIS040682','2017-07-12 10:51:10','2017-07-12 10:51:10',NULL),(424,NULL,NULL,416,'LAJONY','PHILIPPE','1970-03-03 10:51:10','LAJONY030370','2017-07-12 10:51:10','2017-07-12 10:51:10',NULL),(425,NULL,NULL,417,'AITOUAHRA','M\'BAREK','1978-07-01 10:51:11','AITOUAHRA010778','2017-07-12 10:51:11','2017-07-12 10:51:11',NULL),(426,NULL,NULL,418,'BALDO','DENIS','1958-05-14 10:51:12','BALDO140558','2017-07-12 10:51:12','2017-07-12 10:51:12',NULL),(427,NULL,NULL,419,'MALOUAI','HAKIM','1976-02-09 10:51:13','MALOUAI090276','2017-07-12 10:51:13','2017-07-12 10:51:13',NULL),(428,NULL,NULL,420,'GONCALVES','FRANCISCO','1955-08-19 10:51:13','GONCALVES190855','2017-07-12 10:51:13','2017-07-12 10:51:13',NULL),(429,NULL,NULL,421,'DIAGNE','ROMAIN','1987-09-15 10:51:14','DIAGNE150987','2017-07-12 10:51:14','2017-07-12 10:51:14',NULL),(430,NULL,NULL,422,'MOUALKIA','ABDELALAH','1973-09-06 10:51:15','MOUALKIA060973','2017-07-12 10:51:15','2017-07-12 10:51:15',NULL),(431,NULL,NULL,423,'LACHAPELLE','DAVID','1979-04-05 10:51:15','LACHAPELLE050479','2017-07-12 10:51:15','2017-07-12 10:51:15',NULL),(432,NULL,NULL,424,'MOKRANI','FARID','1993-03-06 10:51:16','MOKRANI060393','2017-07-12 10:51:16','2017-07-12 10:51:16',NULL),(433,NULL,NULL,425,'CESAR','Daniel','1958-05-03 10:51:17','CESAR030558','2017-07-12 10:51:17','2017-07-12 10:51:17',NULL),(434,NULL,NULL,426,'BELGACEM','Hossin','1974-12-07 10:51:17','BELGACEM071274','2017-07-12 10:51:17','2017-07-12 10:51:17',NULL),(435,NULL,NULL,427,'PETROVIC','David','1975-11-19 10:51:18','PETROVIC191175','2017-07-12 10:51:18','2017-07-12 10:51:18',NULL),(436,NULL,NULL,428,'RIBEIRO','Fernand','1980-08-05 10:51:19','RIBEIRO050880','2017-07-12 10:51:19','2017-07-12 10:51:19',NULL),(437,NULL,NULL,429,'VIDABAIAO','Manuel','1967-11-19 10:51:20','VIDABAIAO191167','2017-07-12 10:51:20','2017-07-12 10:51:20',NULL),(438,NULL,NULL,430,'MUTH','François','1993-01-13 10:51:20','MUTH130193','2017-07-12 10:51:20','2017-07-12 10:51:20',NULL),(439,NULL,NULL,431,'LIMON','STEPHANE','1972-06-23 10:51:21','LIMON230672','2017-07-12 10:51:21','2017-07-12 10:51:21',NULL),(440,21,1,432,'TESTHELLO','HELLOTEST','2017-06-29 00:00:00','YVYEVAYYNHWVYAEI','2017-07-12 11:50:34','2017-07-12 11:53:36',0),(441,21,1,433,'TESTHELLO2','TESTE','2017-06-28 00:00:00','OORIOEFYODRFJIDE','2017-07-12 12:00:58','2017-07-12 12:03:34',0);
/*!40000 ALTER TABLE `apprenants` ENABLE KEYS */;
UNLOCK TABLES;

--
-- Table structure for table `attestations`
--

DROP TABLE IF EXISTS `attestations`;
/*!40101 SET @saved_cs_client     = @@character_set_client */;
/*!40101 SET character_set_client = utf8 */;
CREATE TABLE `attestations` (
  `id` int(11) NOT NULL AUTO_INCREMENT,
  `date` datetime NOT NULL,
  `note` double DEFAULT NULL,
  `successed` tinyint(1) DEFAULT NULL,
  `created_at` datetime NOT NULL,
  `updated_at` datetime NOT NULL,
  `image_of_id` int(11) DEFAULT NULL,
  `percent` double DEFAULT NULL,
  PRIMARY KEY (`id`),
  UNIQUE KEY `UNIQ_AD5A8CF04D4827D5` (`image_of_id`),
  CONSTRAINT `FK_AD5A8CF04D4827D5` FOREIGN KEY (`image_of_id`) REFERENCES `image` (`id`)
) ENGINE=InnoDB AUTO_INCREMENT=434 DEFAULT CHARSET=utf8 COLLATE=utf8_unicode_ci;
/*!40101 SET character_set_client = @saved_cs_client */;

--
-- Dumping data for table `attestations`
--

LOCK TABLES `attestations` WRITE;
/*!40000 ALTER TABLE `attestations` DISABLE KEYS */;
INSERT INTO `attestations` VALUES (116,'2017-05-31 11:29:00',1,1,'2017-07-11 16:54:10','2017-07-12 11:29:00',NULL,4),(121,'2017-07-12 00:00:00',NULL,NULL,'2017-07-12 10:47:33','2017-07-12 10:47:33',NULL,NULL),(122,'2017-05-05 06:16:04',NULL,1,'2017-07-12 10:47:50','2017-07-12 10:47:51',84,NULL),(123,'2017-04-28 13:05:36',NULL,1,'2017-07-12 10:47:51','2017-07-12 10:47:52',85,NULL),(124,'2017-04-28 13:05:41',NULL,1,'2017-07-12 10:47:52','2017-07-12 10:47:53',86,NULL),(125,'2017-04-11 11:54:16',NULL,1,'2017-07-12 10:47:53','2017-07-12 10:47:53',87,NULL),(126,'2017-04-11 12:12:28',NULL,1,'2017-07-12 10:47:53','2017-07-12 10:47:54',88,NULL),(127,'2017-04-11 11:29:29',NULL,1,'2017-07-12 10:47:54','2017-07-12 10:47:55',89,NULL),(128,'2017-04-11 11:25:40',NULL,1,'2017-07-12 10:47:55','2017-07-12 10:47:55',90,NULL),(129,'2017-04-11 11:26:13',NULL,1,'2017-07-12 10:47:55','2017-07-12 10:47:56',91,NULL),(130,'2017-04-11 11:40:40',NULL,1,'2017-07-12 10:47:56','2017-07-12 10:47:57',92,NULL),(131,'2017-03-29 13:05:17',NULL,1,'2017-07-12 10:47:57','2017-07-12 10:47:57',93,NULL),(132,'2017-03-29 13:07:48',NULL,1,'2017-07-12 10:47:57','2017-07-12 10:47:58',94,NULL),(133,'2017-03-17 14:01:21',NULL,1,'2017-07-12 10:47:58','2017-07-12 10:47:59',95,NULL),(134,'2017-03-17 14:00:20',NULL,1,'2017-07-12 10:47:59','2017-07-12 10:47:59',96,NULL),(135,'2017-04-11 11:25:30',NULL,1,'2017-07-12 10:47:59','2017-07-12 10:48:00',97,NULL),(136,'2017-03-17 13:57:20',NULL,1,'2017-07-12 10:48:00','2017-07-12 10:48:01',98,NULL),(137,'2017-03-17 13:56:37',NULL,1,'2017-07-12 10:48:01','2017-07-12 10:48:01',99,NULL),(138,'2017-04-28 12:57:02',NULL,1,'2017-07-12 10:48:01','2017-07-12 10:48:02',100,NULL),(139,'2017-03-17 13:56:53',NULL,1,'2017-07-12 10:48:02','2017-07-12 10:48:02',101,NULL),(140,'2017-04-28 12:56:37',NULL,1,'2017-07-12 10:48:02','2017-07-12 10:48:03',102,NULL),(141,'2017-03-07 13:43:11',NULL,1,'2017-07-12 10:48:03','2017-07-12 10:48:04',103,NULL),(142,'2017-03-07 13:58:14',NULL,1,'2017-07-12 10:48:04','2017-07-12 10:48:04',104,NULL),(143,'2017-03-07 13:39:25',NULL,1,'2017-07-12 10:48:04','2017-07-12 10:48:05',105,NULL),(144,'2017-03-17 13:57:25',NULL,1,'2017-07-12 10:48:05','2017-07-12 10:48:06',106,NULL),(145,'2017-03-17 13:53:37',NULL,1,'2017-07-12 10:48:06','2017-07-12 10:48:06',107,NULL),(146,'2017-02-23 08:45:09',NULL,1,'2017-07-12 10:48:06','2017-07-12 10:48:07',108,NULL),(147,'2017-02-23 08:43:41',NULL,1,'2017-07-12 10:48:07','2017-07-12 10:48:08',109,NULL),(148,'2017-03-07 13:04:07',NULL,1,'2017-07-12 10:48:08','2017-07-12 10:48:08',110,NULL),(149,'2017-03-07 13:10:05',NULL,1,'2017-07-12 10:48:08','2017-07-12 10:48:09',111,NULL),(150,'2017-04-11 12:03:31',NULL,1,'2017-07-12 10:48:09','2017-07-12 10:48:10',112,NULL),(151,'2017-02-21 15:24:01',NULL,1,'2017-07-12 10:48:10','2017-07-12 10:48:10',113,NULL),(152,'2017-02-21 15:26:31',NULL,1,'2017-07-12 10:48:10','2017-07-12 10:48:11',114,NULL),(153,'2017-02-21 15:22:05',NULL,1,'2017-07-12 10:48:11','2017-07-12 10:48:12',115,NULL),(154,'2017-03-17 13:51:55',NULL,1,'2017-07-12 10:48:12','2017-07-12 10:48:12',116,NULL),(155,'2017-02-14 14:59:59',NULL,1,'2017-07-12 10:48:12','2017-07-12 10:48:13',117,NULL),(156,'2017-04-11 13:25:00',NULL,1,'2017-07-12 10:48:13','2017-07-12 10:48:13',118,NULL),(157,'2017-02-10 12:10:00',NULL,1,'2017-07-12 10:48:13','2017-07-12 10:48:14',119,NULL),(158,'2017-02-17 14:10:05',NULL,1,'2017-07-12 10:48:14','2017-07-12 10:48:15',120,NULL),(159,'2017-02-14 15:16:30',NULL,1,'2017-07-12 10:48:15','2017-07-12 10:48:15',121,NULL),(160,'2017-02-17 14:17:09',NULL,1,'2017-07-12 10:48:15','2017-07-12 10:48:16',122,NULL),(161,'2017-02-17 14:07:26',NULL,1,'2017-07-12 10:48:16','2017-07-12 10:48:17',123,NULL),(162,'2017-02-17 14:04:38',NULL,1,'2017-07-12 10:48:17','2017-07-12 10:48:17',124,NULL),(163,'2017-02-17 14:12:26',NULL,1,'2017-07-12 10:48:17','2017-07-12 10:48:18',125,NULL),(164,'2017-02-17 14:13:17',NULL,1,'2017-07-12 10:48:18','2017-07-12 10:48:18',126,NULL),(165,'2017-01-19 09:14:55',NULL,1,'2017-07-12 10:48:19','2017-07-12 10:48:19',127,NULL),(166,'2017-01-19 09:21:50',NULL,1,'2017-07-12 10:48:19','2017-07-12 10:48:20',128,NULL),(167,'2017-02-14 15:19:08',NULL,1,'2017-07-12 10:48:20','2017-07-12 10:48:21',129,NULL),(168,'2017-02-14 14:55:33',NULL,1,'2017-07-12 10:48:21','2017-07-12 10:48:22',130,NULL),(169,'2017-02-14 14:54:30',NULL,1,'2017-07-12 10:48:22','2017-07-12 10:48:22',131,NULL),(170,'2017-01-19 09:31:36',NULL,1,'2017-07-12 10:48:22','2017-07-12 10:48:23',132,NULL),(171,'2017-01-19 09:28:35',NULL,1,'2017-07-12 10:48:23','2017-07-12 10:48:24',133,NULL),(172,'2017-01-19 09:07:48',NULL,1,'2017-07-12 10:48:24','2017-07-12 10:48:24',134,NULL),(173,'2017-01-19 09:12:01',NULL,1,'2017-07-12 10:48:24','2017-07-12 10:48:25',135,NULL),(174,'2016-12-13 14:41:08',NULL,1,'2017-07-12 10:48:25','2017-07-12 10:48:25',136,NULL),(175,'2016-12-13 14:43:09',NULL,1,'2017-07-12 10:48:25','2017-07-12 10:48:26',137,NULL),(176,'2016-12-09 11:30:16',NULL,1,'2017-07-12 10:48:26','2017-07-12 10:48:27',138,NULL),(177,'2017-01-19 10:13:44',NULL,1,'2017-07-12 10:48:27','2017-07-12 10:48:27',139,NULL),(178,'2016-12-02 13:13:50',NULL,1,'2017-07-12 10:48:27','2017-07-12 10:48:28',140,NULL),(179,'2016-12-02 13:13:35',NULL,1,'2017-07-12 10:48:28','2017-07-12 10:48:29',141,NULL),(180,'2016-12-02 13:12:26',NULL,1,'2017-07-12 10:48:29','2017-07-12 10:48:29',142,NULL),(181,'2016-12-02 13:14:41',NULL,1,'2017-07-12 10:48:29','2017-07-12 10:48:30',143,NULL),(182,'2016-11-29 14:17:57',NULL,1,'2017-07-12 10:48:30','2017-07-12 10:48:31',144,NULL),(183,'2016-11-15 14:12:12',NULL,1,'2017-07-12 10:48:31','2017-07-12 10:48:31',145,NULL),(184,'2016-12-05 12:48:00',NULL,1,'2017-07-12 10:48:31','2017-07-12 10:48:32',146,NULL),(185,'2016-11-29 14:27:39',NULL,1,'2017-07-12 10:48:32','2017-07-12 10:48:33',147,NULL),(186,'2016-12-05 12:49:41',NULL,1,'2017-07-12 10:48:33','2017-07-12 10:48:33',148,NULL),(187,'2016-11-29 14:18:33',NULL,1,'2017-07-12 10:48:33','2017-07-12 10:48:34',149,NULL),(188,'2016-12-05 12:46:18',NULL,1,'2017-07-12 10:48:34','2017-07-12 10:48:35',150,NULL),(189,'2016-11-29 14:29:16',NULL,1,'2017-07-12 10:48:35','2017-07-12 10:48:36',151,NULL),(190,'2016-11-15 14:16:16',NULL,1,'2017-07-12 10:48:36','2017-07-12 10:48:36',152,NULL),(191,'2016-11-15 14:25:57',NULL,1,'2017-07-12 10:48:36','2017-07-12 10:48:37',153,NULL),(192,'2016-11-15 14:16:28',NULL,1,'2017-07-12 10:48:37','2017-07-12 10:48:38',154,NULL),(193,'2016-11-15 14:16:26',NULL,1,'2017-07-12 10:48:38','2017-07-12 10:48:38',155,NULL),(194,'2016-11-15 14:16:04',NULL,1,'2017-07-12 10:48:38','2017-07-12 10:48:39',156,NULL),(195,'2016-11-15 14:15:59',NULL,1,'2017-07-12 10:48:39','2017-07-12 10:48:40',157,NULL),(196,'2016-11-15 14:16:52',NULL,1,'2017-07-12 10:48:40','2017-07-12 10:48:40',158,NULL),(197,'2017-04-11 11:24:47',NULL,1,'2017-07-12 10:48:40','2017-07-12 10:48:41',159,NULL),(198,'2016-11-04 14:28:56',NULL,1,'2017-07-12 10:48:41','2017-07-12 10:48:41',160,NULL),(199,'2016-11-04 14:26:59',NULL,1,'2017-07-12 10:48:41','2017-07-12 10:48:42',161,NULL),(200,'2016-11-04 14:25:15',NULL,1,'2017-07-12 10:48:42','2017-07-12 10:48:43',162,NULL),(201,'2016-11-04 14:29:19',NULL,1,'2017-07-12 10:48:43','2017-07-12 10:48:44',163,NULL),(202,'2016-11-04 14:23:30',NULL,1,'2017-07-12 10:48:44','2017-07-12 10:48:44',164,NULL),(203,'2016-10-24 07:37:20',NULL,1,'2017-07-12 10:48:44','2017-07-12 10:48:45',165,NULL),(204,'2016-12-02 13:04:39',NULL,1,'2017-07-12 10:48:45','2017-07-12 10:48:46',166,NULL),(205,'2017-01-19 09:44:22',NULL,1,'2017-07-12 10:48:46','2017-07-12 10:48:46',167,NULL),(206,'2016-10-18 13:11:55',NULL,1,'2017-07-12 10:48:46','2017-07-12 10:48:47',168,NULL),(207,'2016-10-18 13:07:39',NULL,1,'2017-07-12 10:48:47','2017-07-12 10:48:48',169,NULL),(208,'2016-10-18 13:12:17',NULL,1,'2017-07-12 10:48:48','2017-07-12 10:48:48',170,NULL),(209,'2016-10-18 13:11:36',NULL,1,'2017-07-12 10:48:48','2017-07-12 10:48:49',171,NULL),(210,'2016-11-29 14:24:36',NULL,1,'2017-07-12 10:48:49','2017-07-12 10:48:50',172,NULL),(211,'2016-10-18 13:07:11',NULL,1,'2017-07-12 10:48:50','2017-07-12 10:48:50',173,NULL),(212,'2016-10-07 13:03:53',NULL,1,'2017-07-12 10:48:50','2017-07-12 10:48:51',174,NULL),(213,'2016-10-07 12:59:30',NULL,1,'2017-07-12 10:48:51','2017-07-12 10:48:52',175,NULL),(214,'2016-11-04 14:34:13',NULL,1,'2017-07-12 10:48:52','2017-07-12 10:48:52',176,NULL),(215,'2016-10-18 13:08:42',NULL,1,'2017-07-12 10:48:52','2017-07-12 10:48:53',177,NULL),(216,'2016-10-07 12:59:24',NULL,1,'2017-07-12 10:48:53','2017-07-12 10:48:54',178,NULL),(217,'2016-09-27 13:49:11',NULL,1,'2017-07-12 10:48:54','2017-07-12 10:48:54',179,NULL),(218,'2016-09-27 14:05:55',NULL,1,'2017-07-12 10:48:54','2017-07-12 10:48:55',180,NULL),(219,'2016-09-27 13:41:38',NULL,1,'2017-07-12 10:48:55','2017-07-12 10:48:56',181,NULL),(220,'2016-09-27 13:45:31',NULL,1,'2017-07-12 10:48:56','2017-07-12 10:48:56',182,NULL),(221,'2017-04-11 11:26:14',NULL,1,'2017-07-12 10:48:56','2017-07-12 10:48:57',183,NULL),(222,'2017-01-19 10:16:30',NULL,1,'2017-07-12 10:48:57','2017-07-12 10:48:58',184,NULL),(223,'2016-09-27 13:53:09',NULL,1,'2017-07-12 10:48:58','2017-07-12 10:48:59',185,NULL),(224,'2016-09-27 13:49:01',NULL,1,'2017-07-12 10:48:59','2017-07-12 10:48:59',186,NULL),(225,'2016-09-27 13:52:52',NULL,1,'2017-07-12 10:48:59','2017-07-12 10:49:00',187,NULL),(226,'2016-09-27 13:59:13',NULL,1,'2017-07-12 10:49:00','2017-07-12 10:49:00',188,NULL),(227,'2016-09-13 10:23:09',NULL,1,'2017-07-12 10:49:00','2017-07-12 10:49:01',189,NULL),(228,'2016-09-14 12:39:04',NULL,1,'2017-07-12 10:49:01','2017-07-12 10:49:02',190,NULL),(229,'2016-09-14 12:38:33',NULL,1,'2017-07-12 10:49:02','2017-07-12 10:49:02',191,NULL),(230,'2016-09-14 12:34:54',NULL,1,'2017-07-12 10:49:03','2017-07-12 10:49:03',192,NULL),(231,'2016-09-14 12:37:38',NULL,1,'2017-07-12 10:49:03','2017-07-12 10:49:04',193,NULL),(232,'2016-09-09 12:58:36',NULL,1,'2017-07-12 10:49:04','2017-07-12 10:49:04',194,NULL),(233,'2017-01-19 09:17:35',NULL,1,'2017-07-12 10:49:04','2017-07-12 10:49:05',195,NULL),(234,'2016-09-09 13:04:33',NULL,1,'2017-07-12 10:49:05','2017-07-12 10:49:06',196,NULL),(235,'2016-09-09 13:09:33',NULL,1,'2017-07-12 10:49:06','2017-07-12 10:49:06',197,NULL),(236,'2016-09-09 12:54:37',NULL,1,'2017-07-12 10:49:06','2017-07-12 10:49:07',198,NULL),(237,'2016-11-04 14:27:30',NULL,1,'2017-07-12 10:49:07','2017-07-12 10:49:08',199,NULL),(238,'2016-09-14 12:33:08',NULL,1,'2017-07-12 10:49:08','2017-07-12 10:49:08',200,NULL),(239,'2016-09-14 12:39:23',NULL,1,'2017-07-12 10:49:08','2017-07-12 10:49:09',201,NULL),(240,'2016-09-13 09:14:45',NULL,1,'2017-07-12 10:49:09','2017-07-12 10:49:10',202,NULL),(241,'2016-08-31 09:47:16',NULL,1,'2017-07-12 10:49:10','2017-07-12 10:49:10',203,NULL),(242,'2016-08-30 13:10:45',NULL,1,'2017-07-12 10:49:10','2017-07-12 10:49:11',204,NULL),(243,'2016-09-09 12:58:50',NULL,1,'2017-07-12 10:49:11','2017-07-12 10:49:12',205,NULL),(244,'2016-08-30 13:11:59',NULL,1,'2017-07-12 10:49:12','2017-07-12 10:49:12',206,NULL),(245,'2016-08-30 13:15:56',NULL,1,'2017-07-12 10:49:12','2017-07-12 10:49:13',207,NULL),(246,'2016-08-30 13:29:36',NULL,1,'2017-07-12 10:49:13','2017-07-12 10:49:14',208,NULL),(247,'2016-08-30 13:14:40',NULL,1,'2017-07-12 10:49:14','2017-07-12 10:49:14',209,NULL),(248,'2016-11-04 14:28:31',NULL,1,'2017-07-12 10:49:14','2017-07-12 10:49:15',210,NULL),(249,'2016-08-30 13:09:52',NULL,1,'2017-07-12 10:49:15','2017-07-12 10:49:16',211,NULL),(250,'2016-08-30 13:06:35',NULL,1,'2017-07-12 10:49:16','2017-07-12 10:49:16',212,NULL),(251,'2016-11-04 14:29:40',NULL,1,'2017-07-12 10:49:16','2017-07-12 10:49:17',213,NULL),(252,'2016-08-30 13:11:03',NULL,1,'2017-07-12 10:49:17','2017-07-12 10:49:18',214,NULL),(253,'2016-10-07 13:05:28',NULL,1,'2017-07-12 10:49:18','2017-07-12 10:49:18',215,NULL),(254,'2016-07-20 13:18:09',NULL,1,'2017-07-12 10:49:18','2017-07-12 10:49:19',216,NULL),(255,'2016-07-20 13:17:48',NULL,1,'2017-07-12 10:49:19','2017-07-12 10:49:20',217,NULL),(256,'2016-07-20 13:23:17',NULL,1,'2017-07-12 10:49:20','2017-07-12 10:49:20',218,NULL),(257,'2016-07-20 13:18:24',NULL,1,'2017-07-12 10:49:20','2017-07-12 10:49:21',219,NULL),(258,'2016-07-20 13:21:22',NULL,1,'2017-07-12 10:49:21','2017-07-12 10:49:22',220,NULL),(259,'2016-07-20 13:26:13',NULL,1,'2017-07-12 10:49:22','2017-07-12 10:49:22',221,NULL),(260,'2016-07-20 13:27:38',NULL,1,'2017-07-12 10:49:22','2017-07-12 10:49:23',222,NULL),(261,'2016-07-13 13:04:39',NULL,1,'2017-07-12 10:49:23','2017-07-12 10:49:24',223,NULL),(262,'2016-07-13 12:56:59',NULL,1,'2017-07-12 10:49:24','2017-07-12 10:49:24',224,NULL),(263,'2016-07-13 12:59:13',NULL,1,'2017-07-12 10:49:24','2017-07-12 10:49:25',225,NULL),(264,'2016-07-13 13:05:21',NULL,1,'2017-07-12 10:49:25','2017-07-12 10:49:26',226,NULL),(265,'2016-07-13 12:59:35',NULL,1,'2017-07-12 10:49:26','2017-07-12 10:49:27',227,NULL),(266,'2016-07-13 13:03:34',NULL,1,'2017-07-12 10:49:27','2017-07-12 10:49:27',228,NULL),(267,'2016-07-13 12:59:42',NULL,1,'2017-07-12 10:49:27','2017-07-12 10:49:28',229,NULL),(268,'2016-08-02 12:10:42',NULL,1,'2017-07-12 10:49:28','2017-07-12 10:49:29',230,NULL),(269,'2016-07-13 12:52:38',NULL,1,'2017-07-12 10:49:29','2017-07-12 10:49:29',231,NULL),(270,'2016-07-13 12:57:05',NULL,1,'2017-07-12 10:49:29','2017-07-12 10:49:30',232,NULL),(271,'2016-06-29 11:58:33',NULL,1,'2017-07-12 10:49:30','2017-07-12 10:49:31',233,NULL),(272,'2016-06-27 12:07:28',NULL,1,'2017-07-12 10:49:31','2017-07-12 10:49:31',234,NULL),(273,'2016-06-27 12:05:21',NULL,1,'2017-07-12 10:49:31','2017-07-12 10:49:32',235,NULL),(274,'2016-06-28 13:15:05',NULL,1,'2017-07-12 10:49:32','2017-07-12 10:49:33',236,NULL),(275,'2016-06-24 13:10:49',NULL,1,'2017-07-12 10:49:33','2017-07-12 10:49:33',237,NULL),(276,'2016-06-20 08:31:19',NULL,1,'2017-07-12 10:49:33','2017-07-12 10:49:34',238,NULL),(277,'2016-06-20 08:28:37',NULL,1,'2017-07-12 10:49:34','2017-07-12 10:49:35',239,NULL),(278,'2016-06-24 13:13:15',NULL,1,'2017-07-12 10:49:35','2017-07-12 10:49:35',240,NULL),(279,'2016-07-13 12:32:01',NULL,1,'2017-07-12 10:49:35','2017-07-12 10:49:36',241,NULL),(280,'2016-06-28 13:12:07',NULL,1,'2017-07-12 10:49:36','2017-07-12 10:49:37',242,NULL),(281,'2016-06-29 09:47:43',NULL,1,'2017-07-12 10:49:37','2017-07-12 10:49:37',243,NULL),(282,'2016-06-24 13:15:43',NULL,1,'2017-07-12 10:49:37','2017-07-12 10:49:38',244,NULL),(283,'2016-06-24 13:21:57',NULL,1,'2017-07-12 10:49:38','2017-07-12 10:49:39',245,NULL),(284,'2016-06-29 09:45:32',NULL,1,'2017-07-12 10:49:39','2017-07-12 10:49:39',246,NULL),(285,'2016-06-27 12:03:20',NULL,1,'2017-07-12 10:49:39','2017-07-12 10:49:40',247,NULL),(286,'2016-06-27 12:01:09',NULL,1,'2017-07-12 10:49:40','2017-07-12 10:49:41',248,NULL),(287,'2016-06-14 13:34:06',NULL,1,'2017-07-12 10:49:41','2017-07-12 10:49:41',249,NULL),(288,'2016-06-14 13:37:44',NULL,1,'2017-07-12 10:49:41','2017-07-12 10:49:42',250,NULL),(289,'2016-06-14 13:36:50',NULL,1,'2017-07-12 10:49:42','2017-07-12 10:49:43',251,NULL),(290,'2016-06-14 13:39:28',NULL,1,'2017-07-12 10:49:43','2017-07-12 10:49:43',252,NULL),(291,'2016-06-14 13:40:09',NULL,1,'2017-07-12 10:49:43','2017-07-12 10:49:44',253,NULL),(292,'2016-06-14 13:51:55',NULL,1,'2017-07-12 10:49:44','2017-07-12 10:49:45',254,NULL),(293,'2016-06-14 14:16:34',NULL,1,'2017-07-12 10:49:45','2017-07-12 10:49:45',255,NULL),(294,'2016-06-14 14:09:44',NULL,1,'2017-07-12 10:49:45','2017-07-12 10:49:46',256,NULL),(295,'2016-06-14 13:45:56',NULL,1,'2017-07-12 10:49:46','2017-07-12 10:49:47',257,NULL),(296,'2016-06-24 13:11:18',NULL,1,'2017-07-12 10:49:47','2017-07-12 10:49:48',258,NULL),(297,'2016-06-28 13:12:49',NULL,1,'2017-07-12 10:49:48','2017-07-12 10:49:48',259,NULL),(298,'2016-05-24 07:22:41',NULL,1,'2017-07-12 10:49:48','2017-07-12 10:49:49',260,NULL),(299,'2016-05-24 13:38:04',NULL,1,'2017-07-12 10:49:49','2017-07-12 10:49:50',261,NULL),(300,'2016-05-24 13:43:37',NULL,1,'2017-07-12 10:49:50','2017-07-12 10:49:50',262,NULL),(301,'2016-05-20 06:49:23',NULL,1,'2017-07-12 10:49:50','2017-07-12 10:49:51',263,NULL),(302,'2016-05-20 06:46:13',NULL,1,'2017-07-12 10:49:51','2017-07-12 10:49:52',264,NULL),(303,'2016-05-20 06:43:50',NULL,1,'2017-07-12 10:49:52','2017-07-12 10:49:52',265,NULL),(304,'2016-05-20 06:41:29',NULL,1,'2017-07-12 10:49:52','2017-07-12 10:49:53',266,NULL),(305,'2016-05-24 13:35:19',NULL,1,'2017-07-12 10:49:53','2017-07-12 10:49:54',267,NULL),(306,'2016-05-18 13:34:11',NULL,1,'2017-07-12 10:49:54','2017-07-12 10:49:54',268,NULL),(307,'2016-05-18 13:28:46',NULL,1,'2017-07-12 10:49:54','2017-07-12 10:49:55',269,NULL),(308,'2016-05-18 13:26:20',NULL,1,'2017-07-12 10:49:55','2017-07-12 10:49:56',270,NULL),(309,'2016-05-13 12:18:58',NULL,1,'2017-07-12 10:49:56','2017-07-12 10:49:56',271,NULL),(310,'2016-05-11 17:11:04',NULL,1,'2017-07-12 10:49:56','2017-07-12 10:49:57',272,NULL),(311,'2016-05-13 12:23:54',NULL,1,'2017-07-12 10:49:57','2017-07-12 10:49:58',273,NULL),(312,'2016-05-13 12:23:48',NULL,1,'2017-07-12 10:49:58','2017-07-12 10:49:58',274,NULL),(313,'2016-04-29 09:08:31',NULL,1,'2017-07-12 10:49:58','2017-07-12 10:49:59',275,NULL),(314,'2016-05-18 13:28:06',NULL,1,'2017-07-12 10:49:59','2017-07-12 10:50:00',276,NULL),(315,'2016-05-24 13:37:58',NULL,1,'2017-07-12 10:50:00','2017-07-12 10:50:01',277,NULL),(316,'2016-05-24 13:34:25',NULL,1,'2017-07-12 10:50:01','2017-07-12 10:50:01',278,NULL),(317,'2016-05-13 12:20:48',NULL,1,'2017-07-12 10:50:01','2017-07-12 10:50:02',279,NULL),(318,'2016-05-18 13:28:00',NULL,1,'2017-07-12 10:50:02','2017-07-12 10:50:03',280,NULL),(319,'2016-05-13 12:20:46',NULL,1,'2017-07-12 10:50:03','2017-07-12 10:50:03',281,NULL),(320,'2016-04-29 14:01:57',NULL,1,'2017-07-12 10:50:03','2017-07-12 10:50:04',282,NULL),(321,'2016-04-29 14:19:43',NULL,1,'2017-07-12 10:50:04','2017-07-12 10:50:05',283,NULL),(322,'2016-04-29 14:17:19',NULL,1,'2017-07-12 10:50:05','2017-07-12 10:50:05',284,NULL),(323,'2016-04-29 14:16:20',NULL,1,'2017-07-12 10:50:05','2017-07-12 10:50:06',285,NULL),(324,'2016-04-29 14:08:17',NULL,1,'2017-07-12 10:50:06','2017-07-12 10:50:07',286,NULL),(325,'2016-04-20 16:51:46',NULL,1,'2017-07-12 10:50:07','2017-07-12 10:50:07',287,NULL),(326,'2016-04-20 17:03:46',NULL,1,'2017-07-12 10:50:07','2017-07-12 10:50:08',288,NULL),(327,'2016-04-20 17:12:44',NULL,1,'2017-07-12 10:50:08','2017-07-12 10:50:09',289,NULL),(328,'2016-04-20 17:08:16',NULL,1,'2017-07-12 10:50:09','2017-07-12 10:50:09',290,NULL),(329,'2016-04-20 17:17:08',NULL,1,'2017-07-12 10:50:09','2017-07-12 10:50:10',291,NULL),(330,'2016-04-20 16:58:55',NULL,1,'2017-07-12 10:50:10','2017-07-12 10:50:11',292,NULL),(331,'2016-04-20 17:05:59',NULL,1,'2017-07-12 10:50:11','2017-07-12 10:50:11',293,NULL),(332,'2016-04-20 17:01:26',NULL,1,'2017-07-12 10:50:11','2017-07-12 10:50:12',294,NULL),(333,'2016-04-20 16:54:28',NULL,1,'2017-07-12 10:50:12','2017-07-12 10:50:13',295,NULL),(334,'2016-04-20 17:15:03',NULL,1,'2017-07-12 10:50:13','2017-07-12 10:50:13',296,NULL),(335,'2016-04-20 17:10:37',NULL,1,'2017-07-12 10:50:13','2017-07-12 10:50:14',297,NULL),(336,'2016-05-13 12:24:06',NULL,1,'2017-07-12 10:50:14','2017-07-12 10:50:15',298,NULL),(337,'2016-04-29 14:15:00',NULL,1,'2017-07-12 10:50:15','2017-07-12 10:50:15',299,NULL),(338,'2016-05-13 12:14:52',NULL,1,'2017-07-12 10:50:15','2017-07-12 10:50:16',300,NULL),(339,'2016-04-29 14:04:55',NULL,1,'2017-07-12 10:50:16','2017-07-12 10:50:17',301,NULL),(340,'2016-04-29 14:15:13',NULL,1,'2017-07-12 10:50:17','2017-07-12 10:50:18',302,NULL),(341,'2016-04-29 14:17:05',NULL,1,'2017-07-12 10:50:18','2017-07-12 10:50:18',303,NULL),(342,'2016-04-29 14:03:05',NULL,1,'2017-07-12 10:50:18','2017-07-12 10:50:19',304,NULL),(343,'2016-05-09 15:05:30',NULL,1,'2017-07-12 10:50:19','2017-07-12 10:50:20',305,NULL),(344,'2016-03-15 14:17:38',NULL,1,'2017-07-12 10:50:20','2017-07-12 10:50:20',306,NULL),(345,'2016-03-15 14:25:10',NULL,1,'2017-07-12 10:50:20','2017-07-12 10:50:21',307,NULL),(346,'2016-03-15 14:24:07',NULL,1,'2017-07-12 10:50:21','2017-07-12 10:50:22',308,NULL),(347,'2016-03-15 14:33:18',NULL,1,'2017-07-12 10:50:22','2017-07-12 10:50:23',309,NULL),(348,'2016-03-15 14:17:06',NULL,1,'2017-07-12 10:50:23','2017-07-12 10:50:23',310,NULL),(349,'2016-03-15 14:21:06',NULL,1,'2017-07-12 10:50:23','2017-07-12 10:50:24',311,NULL),(350,'2016-03-15 14:13:48',NULL,1,'2017-07-12 10:50:24','2017-07-12 10:50:25',312,NULL),(351,'2016-03-15 14:18:32',NULL,1,'2017-07-12 10:50:25','2017-07-12 10:50:25',313,NULL),(352,'2016-06-14 13:44:33',NULL,1,'2017-07-12 10:50:25','2017-07-12 10:50:26',314,NULL),(353,'2016-03-09 09:59:56',NULL,1,'2017-07-12 10:50:26','2017-07-12 10:50:27',315,NULL),(354,'2016-03-09 10:06:42',NULL,1,'2017-07-12 10:50:27','2017-07-12 10:50:27',316,NULL),(355,'2016-06-24 13:12:29',NULL,1,'2017-07-12 10:50:27','2017-07-12 10:50:28',317,NULL),(356,'2016-03-08 14:28:55',NULL,1,'2017-07-12 10:50:28','2017-07-12 10:50:29',318,NULL),(357,'2016-03-08 14:23:05',NULL,1,'2017-07-12 10:50:29','2017-07-12 10:50:29',319,NULL),(358,'2016-02-16 14:26:42',NULL,1,'2017-07-12 10:50:29','2017-07-12 10:50:30',320,NULL),(359,'2016-02-16 14:25:03',NULL,1,'2017-07-12 10:50:30','2017-07-12 10:50:31',321,NULL),(360,'2016-02-16 14:25:33',NULL,1,'2017-07-12 10:50:31','2017-07-12 10:50:31',322,NULL),(361,'2016-02-16 14:30:53',NULL,1,'2017-07-12 10:50:31','2017-07-12 10:50:32',323,NULL),(362,'2016-02-16 14:29:57',NULL,1,'2017-07-12 10:50:32','2017-07-12 10:50:33',324,NULL),(363,'2016-02-16 14:34:06',NULL,1,'2017-07-12 10:50:33','2017-07-12 10:50:34',325,NULL),(364,'2016-02-16 14:28:45',NULL,1,'2017-07-12 10:50:34','2017-07-12 10:50:34',326,NULL),(365,'2016-02-16 14:21:31',NULL,1,'2017-07-12 10:50:34','2017-07-12 10:50:36',327,NULL),(366,'2016-02-16 14:27:30',NULL,1,'2017-07-12 10:50:36','2017-07-12 10:50:36',328,NULL),(367,'2016-02-16 14:18:48',NULL,1,'2017-07-12 10:50:36','2017-07-12 10:50:37',329,NULL),(368,'2016-02-16 14:20:18',NULL,1,'2017-07-12 10:50:37','2017-07-12 10:50:38',330,NULL),(369,'2016-02-16 14:31:02',NULL,1,'2017-07-12 10:50:38','2017-07-12 10:50:39',331,NULL),(370,'2016-06-24 13:14:42',NULL,1,'2017-07-12 10:50:39','2017-07-12 10:50:39',332,NULL),(371,'2016-01-15 13:47:02',NULL,1,'2017-07-12 10:50:39','2017-07-12 10:50:40',333,NULL),(372,'2016-01-15 13:33:23',NULL,1,'2017-07-12 10:50:40','2017-07-12 10:50:41',334,NULL),(373,'2016-01-15 13:37:31',NULL,1,'2017-07-12 10:50:41','2017-07-12 10:50:41',335,NULL),(374,'2016-01-15 13:34:32',NULL,1,'2017-07-12 10:50:41','2017-07-12 10:50:42',336,NULL),(375,'2016-01-19 14:16:20',NULL,1,'2017-07-12 10:50:42','2017-07-12 10:50:43',337,NULL),(376,'2016-01-19 14:31:29',NULL,1,'2017-07-12 10:50:43','2017-07-12 10:50:43',338,NULL),(377,'2016-03-15 14:18:26',NULL,1,'2017-07-12 10:50:43','2017-07-12 10:50:44',339,NULL),(378,'2016-01-19 14:10:51',NULL,1,'2017-07-12 10:50:44','2017-07-12 10:50:45',340,NULL),(379,'2016-01-19 14:16:28',NULL,1,'2017-07-12 10:50:45','2017-07-12 10:50:46',341,NULL),(380,'2016-01-19 14:20:26',NULL,1,'2017-07-12 10:50:46','2017-07-12 10:50:46',342,NULL),(381,'2016-01-19 14:16:45',NULL,1,'2017-07-12 10:50:46','2017-07-12 10:50:47',343,NULL),(382,'2016-01-19 14:19:01',NULL,1,'2017-07-12 10:50:47','2017-07-12 10:50:48',344,NULL),(383,'2016-01-19 14:20:28',NULL,1,'2017-07-12 10:50:48','2017-07-12 10:50:48',345,NULL),(384,'2016-01-15 13:36:14',NULL,1,'2017-07-12 10:50:48','2017-07-12 10:50:49',346,NULL),(385,'2016-01-15 13:45:02',NULL,1,'2017-07-12 10:50:49','2017-07-12 10:50:50',347,NULL),(386,'2016-01-15 13:53:18',NULL,1,'2017-07-12 10:50:50','2017-07-12 10:50:50',348,NULL),(387,'2016-01-15 13:46:49',NULL,1,'2017-07-12 10:50:50','2017-07-12 10:50:51',349,NULL),(388,'2017-01-19 09:35:23',NULL,1,'2017-07-12 10:50:51','2017-07-12 10:50:52',350,NULL),(389,'2016-05-24 13:37:53',NULL,1,'2017-07-12 10:50:52','2017-07-12 10:50:52',351,NULL),(390,'2015-11-06 16:58:35',NULL,1,'2017-07-12 10:50:52','2017-07-12 10:50:53',352,NULL),(391,'2015-11-10 14:21:24',NULL,1,'2017-07-12 10:50:53','2017-07-12 10:50:54',353,NULL),(392,'2015-11-10 14:24:16',NULL,1,'2017-07-12 10:50:54','2017-07-12 10:50:55',354,NULL),(393,'2015-11-10 14:25:26',NULL,1,'2017-07-12 10:50:55','2017-07-12 10:50:55',355,NULL),(394,'2015-11-05 13:37:15',NULL,1,'2017-07-12 10:50:55','2017-07-12 10:50:56',356,NULL),(395,'2016-09-09 12:55:31',NULL,1,'2017-07-12 10:50:56','2017-07-12 10:50:57',357,NULL),(396,'2015-11-05 13:40:15',NULL,1,'2017-07-12 10:50:57','2017-07-12 10:50:57',358,NULL),(397,'2015-11-05 13:44:32',NULL,1,'2017-07-12 10:50:57','2017-07-12 10:50:58',359,NULL),(398,'2015-11-05 13:44:23',NULL,1,'2017-07-12 10:50:58','2017-07-12 10:50:59',360,NULL),(399,'2016-01-19 14:09:12',NULL,1,'2017-07-12 10:50:59','2017-07-12 10:50:59',361,NULL),(400,'2015-11-05 13:46:50',NULL,1,'2017-07-12 10:50:59','2017-07-12 10:51:00',362,NULL),(401,'2015-11-10 14:18:09',NULL,1,'2017-07-12 10:51:00','2017-07-12 10:51:01',363,NULL),(402,'2015-11-10 14:17:00',NULL,1,'2017-07-12 10:51:01','2017-07-12 10:51:01',364,NULL),(403,'2015-11-10 14:17:38',NULL,1,'2017-07-12 10:51:01','2017-07-12 10:51:02',365,NULL),(404,'2015-11-10 14:21:02',NULL,1,'2017-07-12 10:51:02','2017-07-12 10:51:03',366,NULL),(405,'2015-11-10 14:06:26',NULL,1,'2017-07-12 10:51:03','2017-07-12 10:51:04',367,NULL),(406,'2015-11-05 13:48:57',NULL,1,'2017-07-12 10:51:04','2017-07-12 10:51:04',368,NULL),(407,'2015-11-05 13:44:38',NULL,1,'2017-07-12 10:51:04','2017-07-12 10:51:05',369,NULL),(408,'2015-11-10 14:19:48',NULL,1,'2017-07-12 10:51:05','2017-07-12 10:51:06',370,NULL),(409,'2015-11-10 14:36:38',NULL,1,'2017-07-12 10:51:06','2017-07-12 10:51:06',371,NULL),(410,'2015-11-05 13:47:06',NULL,1,'2017-07-12 10:51:06','2017-07-12 10:51:07',372,NULL),(411,'2015-11-05 13:45:56',NULL,1,'2017-07-12 10:51:07','2017-07-12 10:51:08',373,NULL),(412,'2015-10-19 06:57:39',NULL,1,'2017-07-12 10:51:08','2017-07-12 10:51:08',374,NULL),(413,'2016-06-28 13:19:27',NULL,1,'2017-07-12 10:51:08','2017-07-12 10:51:09',375,NULL),(414,'2015-10-19 07:05:40',NULL,1,'2017-07-12 10:51:09','2017-07-12 10:51:10',376,NULL),(415,'2015-10-19 07:02:30',NULL,1,'2017-07-12 10:51:10','2017-07-12 10:51:10',377,NULL),(416,'2016-03-08 14:24:03',NULL,1,'2017-07-12 10:51:10','2017-07-12 10:51:11',378,NULL),(417,'2016-03-08 14:28:00',NULL,1,'2017-07-12 10:51:11','2017-07-12 10:51:12',379,NULL),(418,'2016-03-08 14:26:48',NULL,1,'2017-07-12 10:51:12','2017-07-12 10:51:13',380,NULL),(419,'2017-03-17 13:59:53',NULL,1,'2017-07-12 10:51:13','2017-07-12 10:51:13',381,NULL),(420,'2015-10-19 08:43:13',NULL,1,'2017-07-12 10:51:13','2017-07-12 10:51:14',382,NULL),(421,'2016-03-08 14:24:11',NULL,1,'2017-07-12 10:51:14','2017-07-12 10:51:15',383,NULL),(422,'2015-10-19 07:09:37',NULL,1,'2017-07-12 10:51:15','2017-07-12 10:51:15',384,NULL),(423,'2015-10-19 08:52:33',NULL,1,'2017-07-12 10:51:15','2017-07-12 10:51:16',385,NULL),(424,'2015-10-19 08:50:29',NULL,1,'2017-07-12 10:51:16','2017-07-12 10:51:17',386,NULL),(425,'2015-10-09 13:33:44',NULL,1,'2017-07-12 10:51:17','2017-07-12 10:51:17',387,NULL),(426,'2015-10-09 13:10:09',NULL,1,'2017-07-12 10:51:17','2017-07-12 10:51:18',388,NULL),(427,'2015-10-09 13:28:50',NULL,1,'2017-07-12 10:51:18','2017-07-12 10:51:19',389,NULL),(428,'2015-10-19 08:45:59',NULL,1,'2017-07-12 10:51:19','2017-07-12 10:51:20',390,NULL),(429,'2015-10-19 09:34:50',NULL,1,'2017-07-12 10:51:20','2017-07-12 10:51:20',391,NULL),(430,'2015-10-09 13:11:03',NULL,1,'2017-07-12 10:51:20','2017-07-12 10:51:21',392,NULL),(431,'2016-10-18 13:08:22',NULL,1,'2017-07-12 10:51:21','2017-07-12 10:51:22',393,NULL),(432,'2017-07-12 00:00:00',1,1,'2017-07-12 11:53:36','2017-07-12 11:53:36',NULL,4),(433,'2017-07-12 00:00:00',0,0,'2017-07-12 12:03:34','2017-07-12 12:03:34',NULL,0);
/*!40000 ALTER TABLE `attestations` ENABLE KEYS */;
UNLOCK TABLES;

--
-- Table structure for table `image`
--

DROP TABLE IF EXISTS `image`;
/*!40101 SET @saved_cs_client     = @@character_set_client */;
/*!40101 SET character_set_client = utf8 */;
CREATE TABLE `image` (
  `id` int(11) NOT NULL AUTO_INCREMENT,
  `extension` varchar(255) COLLATE utf8_unicode_ci NOT NULL,
  `alt` varchar(255) COLLATE utf8_unicode_ci NOT NULL,
  `original_name` varchar(255) COLLATE utf8_unicode_ci NOT NULL,
  `path` varchar(255) COLLATE utf8_unicode_ci DEFAULT NULL,
  `filename` varchar(255) COLLATE utf8_unicode_ci NOT NULL,
  PRIMARY KEY (`id`)
) ENGINE=InnoDB AUTO_INCREMENT=394 DEFAULT CHARSET=utf8 COLLATE=utf8_unicode_ci;
/*!40101 SET character_set_client = @saved_cs_client */;

--
-- Dumping data for table `image`
--

LOCK TABLES `image` WRITE;
/*!40000 ALTER TABLE `image` DISABLE KEYS */;
INSERT INTO `image` VALUES (1,'png','Refectoire.png','Refectoire.png','images/58ac85ba81fde.png','Refectoire-luEK.png'),(2,'png','Rassemblement.png','Rassemblement.png','images/58ac86b75a42e.png','Rassemblement-0iqH.png'),(3,'jpg','img04.jpg','img04.jpg','images/58a876849c0bf.jpg','img04-2uqb.jpg'),(4,'jpg','img08.jpg','img08.jpg','images/58a8768c19eb6.jpg','img08-iou7.jpg'),(12,'png','Boissons.png','Boissons.png','images/58ac88b24efc1.png','Boissons-Xxmo.png'),(14,'png','canabis1.png','canabis1.png','images/58ac8aae5e67a.png','canabis1-MTAI.png'),(15,'png','Capture d’écran 2017-05-21 à 16.56.18.png','Capture d’écran 2017-05-21 à 16.56.18.png','images/5921ab1fca58f.png','Capture d’écran 2017-05-21 à 16.56.18-4lym.png'),(16,'png','grillage avertisseur.png','grillage avertisseur.png','images/58ac8b3090d5b.png','grillage avertisseur-viS4.png'),(17,'png','prise electrique.png','prise electrique.png','images/58ac9484a08e1.png','prise electrique-H5c5.png'),(18,'png','trou au sol.png','trou au sol.png','images/58ac94f77b139.png','trou au sol-Z1g4.png'),(19,'png','tracteur.png','tracteur.png','images/58ac9571a2409.png','tracteur-387y.png'),(20,'png','mini pelle.png','mini pelle.png','images/58ac95f15a62d.png','mini pelle-4884.png'),(21,'png','echelle 3m.png','echelle 3m.png','images/58ac96e9208ea.png','echelle 3m-LQYf.png'),(22,'png','image correct1.png','image correct1.png','images/58ac97720057a.png','image correct1-aH1y.png'),(23,'png','image pas correcte.png','image pas correcte.png','images/58ac977d4fe71.png','image pas correcte-l2Xx.png'),(24,'png','image correcte 2.png','image correcte 2.png','images/58ac97840390d.png','image correcte 2-lkMG.png'),(25,'png','image pas correcte 2.png','image pas correcte 2.png','images/58ac978b064f5.png','image pas correcte 2-KjZU.png'),(26,'png','image correct1.png','image correct1.png','images/58ac9826353be.png','image correct1-Zr2n.png'),(27,'png','image pas correcte.png','image pas correcte.png','images/58ac9831f3eaa.png','image pas correcte-PG9w.png'),(28,'png','image correcte 2.png','image correcte 2.png','images/58ac98434f5e3.png','image correcte 2-Sb4P.png'),(29,'png','image pas correcte 2.png','image pas correcte 2.png','images/58ac9850dd4fc.png','image pas correcte 2-s4ha.png'),(34,'png','échafaudage.png','échafaudage.png','images/58ac9a58aae9f.png','échafaudage-491g.png'),(35,'png','Q16-Echafaudage chantier.png','Q16-Echafaudage chantier.png','images/58ac9a95ebf27.png','Q16-Echafaudage chantier-EMeU.png'),(36,'png','Q17Correcte1.png','Q17Correcte1.png','images/58ac9b261c260.png','Q17Correcte1-AJ8b.png'),(37,'png','Q17Correcte2.png','Q17Correcte2.png','images/58ac9b3694a9d.png','Q17Correcte2-cFrz.png'),(38,'png','Q17Pascorrecte.png','Q17Pascorrecte.png','images/58ac9b4515057.png','Q17Pascorrecte-GABd.png'),(39,'png','Q17Correcte1.png','Q17Correcte1.png','images/58ac9b6631907.png','Q17Correcte1-yZbY.png'),(40,'png','Q17Correcte2.png','Q17Correcte2.png','images/58ac9b696035e.png','Q17Correcte2-bDx0.png'),(41,'png','Q17Pascorrecte.png','Q17Pascorrecte.png','images/58ac9b6cbeb5b.png','Q17Pascorrecte-c9B9.png'),(45,'png','Q18.png','Q18.png','images/58ac9c6047851.png','Q18-zpPv.png'),(46,'png','Q19Correcte1.png','Q19Correcte1.png','images/58ac9cefcbb75.png','Q19Correcte1-l0Ds.png'),(47,'png','Q19Pascorrect.png','Q19Pascorrect.png','images/58ac9cf7c1eac.png','Q19Pascorrect-Jk3B.png'),(48,'png','Q17Correcte2.png','Q17Correcte2.png','images/58ac9d059a9ef.png','Q17Correcte2-UK1x.png'),(52,'png','Q20.png','Q20.png','images/58ac9dfdb7a4e.png','Q20-n9Ob.png'),(53,'png','Q21.png','Q21.png','images/58ac9e4cf0c52.png','Q21-9Tf2.png'),(54,'png','Q22.png','Q22.png','images/58ac9e7b4c3a5.png','Q22-ZOjB.png'),(55,'png','Q23.png','Q23.png','images/58ac9ef82a5dc.png','Q23-skIG.png'),(56,'png','Q24.png','Q24.png','images/58ac9ff341c50.png','Q24-yv2t.png'),(57,'png','Q25.png','Q25.png','images/58aca08211982.png','Q25-2g8I.png'),(58,'png','Q26correcte1.png','Q26correcte1.png','images/58aca14221365.png','Q26correcte1-98w0.png'),(59,'png','Q26PAScorrecte.png','Q26PAScorrecte.png','images/58aca14a90263.png','Q26PAScorrecte-PEEt.png'),(60,'png','Q26correcte2.png','Q26correcte2.png','images/58aca155a37c4.png','Q26correcte2-v6im.png'),(64,'png','Q27.png','Q27.png','images/58aca1ce03a5f.png','Q27-Cf9w.png'),(71,'png','Capture d’écran 2017-05-21 à 18.02.19.png','Capture d’écran 2017-05-21 à 18.02.19.png','images/5921ba9fc2016.png','Capture d’écran 2017-05-21 à 18.02.19-bWx8.png'),(72,'png','Capture d’écran 2017-05-21 à 18.06.14.png','Capture d’écran 2017-05-21 à 18.06.14.png','images/5921bb8e5f2f6.png','Capture d’écran 2017-05-21 à 18.06.14-TLRA.png'),(73,'png','Capture d’écran 2017-05-21 à 17.39.04.png','Capture d’écran 2017-05-21 à 17.39.04.png','images/5921b51fd241b.png','Capture d’écran 2017-05-21 à 17.39.04-qsKS.png'),(78,'png','Capture d’écran 2017-05-21 à 17.53.22.png','Capture d’écran 2017-05-21 à 17.53.22.png','images/5921b91350110.png','Capture d’écran 2017-05-21 à 17.53.22-1Nrt.png'),(80,'jpeg','PASI-ECHEC.jpeg','PASI-ECHEC.jpeg','images/5921cae1dbadc.jpeg','PASI-ECHEC-2FaM.jpeg'),(82,'jpeg','PASI-Reussite.jpeg','PASI-Reussite.jpeg','images/5921da3fba82a.jpeg','PASI-Reussite-ggTP.jpeg'),(84,'pdf','LANDJEV160192','LANDJEV160192.pdf','images/LANDJEV160192.pdf','LANDJEV160192.pdf'),(85,'pdf','DUPONT040468','DUPONT040468.pdf','images/DUPONT040468.pdf','DUPONT040468.pdf'),(86,'pdf','FELLMANN200164','FELLMANN200164.pdf','images/FELLMANN200164.pdf','FELLMANN200164.pdf'),(87,'pdf','ALVESBRITO110590','ALVESBRITO110590.pdf','images/ALVESBRITO110590.pdf','ALVESBRITO110590.pdf'),(88,'pdf','ESSMIDI240276','ESSMIDI240276.pdf','images/ESSMIDI240276.pdf','ESSMIDI240276.pdf'),(89,'pdf','SENECHAL250685','SENECHAL250685.pdf','images/SENECHAL250685.pdf','SENECHAL250685.pdf'),(90,'pdf','ALEKSANDER240877','ALEKSANDER240877.pdf','images/ALEKSANDER240877.pdf','ALEKSANDER240877.pdf'),(91,'pdf','VANLOMBERGEN300886','VANLOMBERGEN300886.pdf','images/VANLOMBERGEN300886.pdf','VANLOMBERGEN300886.pdf'),(92,'pdf','DANIEL160863','DANIEL160863.pdf','images/DANIEL160863.pdf','DANIEL160863.pdf'),(93,'pdf','THOUVENOT020769','THOUVENOT020769.pdf','images/THOUVENOT020769.pdf','THOUVENOT020769.pdf'),(94,'pdf','MOUSTAID280375','MOUSTAID280375.pdf','images/MOUSTAID280375.pdf','MOUSTAID280375.pdf'),(95,'pdf','VILLENEUVE030575','VILLENEUVE030575.pdf','images/VILLENEUVE030575.pdf','VILLENEUVE030575.pdf'),(96,'pdf','NOWACKI281091','NOWACKI281091.pdf','images/NOWACKI281091.pdf','NOWACKI281091.pdf'),(97,'pdf','MAHU220482','MAHU220482.pdf','images/MAHU220482.pdf','MAHU220482.pdf'),(98,'pdf','CEYLAN280359','CEYLAN280359.pdf','images/CEYLAN280359.pdf','CEYLAN280359.pdf'),(99,'pdf','YAGOUBI130575','YAGOUBI130575.pdf','images/YAGOUBI130575.pdf','YAGOUBI130575.pdf'),(100,'pdf','DETE170690','DETE170690.pdf','images/DETE170690.pdf','DETE170690.pdf'),(101,'pdf','MAHOUT010769','MAHOUT010769.pdf','images/MAHOUT010769.pdf','MAHOUT010769.pdf'),(102,'pdf','HERDA040377','HERDA040377.pdf','images/HERDA040377.pdf','HERDA040377.pdf'),(103,'pdf','SOARES170590','SOARES170590.pdf','images/SOARES170590.pdf','SOARES170590.pdf'),(104,'pdf','MOREIRA211269','MOREIRA211269.pdf','images/MOREIRA211269.pdf','MOREIRA211269.pdf'),(105,'pdf','MONTEIRODIAS180974','MONTEIRODIAS180974.pdf','images/MONTEIRODIAS180974.pdf','MONTEIRODIAS180974.pdf'),(106,'pdf','LEFEVRE071285','LEFEVRE071285.pdf','images/LEFEVRE071285.pdf','LEFEVRE071285.pdf'),(107,'pdf','BOUREAU240388','BOUREAU240388.pdf','images/BOUREAU240388.pdf','BOUREAU240388.pdf'),(108,'pdf','GOBE220178','GOBE220178.pdf','images/GOBE220178.pdf','GOBE220178.pdf'),(109,'pdf','CEFFA260566','CEFFA260566.pdf','images/CEFFA260566.pdf','CEFFA260566.pdf'),(110,'pdf','ESCALANTE121085','ESCALANTE121085.pdf','images/ESCALANTE121085.pdf','ESCALANTE121085.pdf'),(111,'pdf','NASSERI011183','NASSERI011183.pdf','images/NASSERI011183.pdf','NASSERI011183.pdf'),(112,'pdf','AKSOY010176','AKSOY010176.pdf','images/AKSOY010176.pdf','AKSOY010176.pdf'),(113,'pdf','ARAG281285','ARAG281285.pdf','images/ARAG281285.pdf','ARAG281285.pdf'),(114,'pdf','IMLOUL111275','IMLOUL111275.pdf','images/IMLOUL111275.pdf','IMLOUL111275.pdf'),(115,'pdf','AYDOGDU010961','AYDOGDU010961.pdf','images/AYDOGDU010961.pdf','AYDOGDU010961.pdf'),(116,'pdf','AZARKAN161295','AZARKAN161295.pdf','images/AZARKAN161295.pdf','AZARKAN161295.pdf'),(117,'pdf','YILDIZ040670','YILDIZ040670.pdf','images/YILDIZ040670.pdf','YILDIZ040670.pdf'),(118,'pdf','IFOURAH190181','IFOURAH190181.pdf','images/IFOURAH190181.pdf','IFOURAH190181.pdf'),(119,'pdf','MARQUES271076','MARQUES271076.pdf','images/MARQUES271076.pdf','MARQUES271076.pdf'),(120,'pdf','TILLIET130470','TILLIET130470.pdf','images/TILLIET130470.pdf','TILLIET130470.pdf'),(121,'pdf','SARRAY090777','SARRAY090777.pdf','images/SARRAY090777.pdf','SARRAY090777.pdf'),(122,'pdf','OZAGAC311072','OZAGAC311072.pdf','images/OZAGAC311072.pdf','OZAGAC311072.pdf'),(123,'pdf','MOULLE051187','MOULLE051187.pdf','images/MOULLE051187.pdf','MOULLE051187.pdf'),(124,'pdf','DJELLOUDI130785','DJELLOUDI130785.pdf','images/DJELLOUDI130785.pdf','DJELLOUDI130785.pdf'),(125,'pdf','GUYON030982','GUYON030982.pdf','images/GUYON030982.pdf','GUYON030982.pdf'),(126,'pdf','MAZURIER011187','MAZURIER011187.pdf','images/MAZURIER011187.pdf','MAZURIER011187.pdf'),(127,'pdf','PERROTEY160779','PERROTEY160779.pdf','images/PERROTEY160779.pdf','PERROTEY160779.pdf'),(128,'pdf','BROBECKER020661','BROBECKER020661.pdf','images/BROBECKER020661.pdf','BROBECKER020661.pdf'),(129,'pdf','UCAR310570','UCAR310570.pdf','images/UCAR310570.pdf','UCAR310570.pdf'),(130,'pdf','DANNENBERGER031082','DANNENBERGER031082.pdf','images/DANNENBERGER031082.pdf','DANNENBERGER031082.pdf'),(131,'pdf','PETITNICOLAS240268','PETITNICOLAS240268.pdf','images/PETITNICOLAS240268.pdf','PETITNICOLAS240268.pdf'),(132,'pdf','SAIB240191','SAIB240191.pdf','images/SAIB240191.pdf','SAIB240191.pdf'),(133,'pdf','OZKOSE160366','OZKOSE160366.pdf','images/OZKOSE160366.pdf','OZKOSE160366.pdf'),(134,'pdf','FURDERER281282','FURDERER281282.pdf','images/FURDERER281282.pdf','FURDERER281282.pdf'),(135,'pdf','MAJJOUTE200183','MAJJOUTE200183.pdf','images/MAJJOUTE200183.pdf','MAJJOUTE200183.pdf'),(136,'pdf','ETTAKI170382','ETTAKI170382.pdf','images/ETTAKI170382.pdf','ETTAKI170382.pdf'),(137,'pdf','STOLL060564','STOLL060564.pdf','images/STOLL060564.pdf','STOLL060564.pdf'),(138,'pdf','PINTOOLIVEIRA150593','PINTOOLIVEIRA150593.pdf','images/PINTOOLIVEIRA150593.pdf','PINTOOLIVEIRA150593.pdf'),(139,'pdf','WEIBEL170884','WEIBEL170884.pdf','images/WEIBEL170884.pdf','WEIBEL170884.pdf'),(140,'pdf','VELOSODASILVA030355','VELOSODASILVA030355.pdf','images/VELOSODASILVA030355.pdf','VELOSODASILVA030355.pdf'),(141,'pdf','TEIXEIRAFIGUEIRA200972','TEIXEIRAFIGUEIRA200972.pdf','images/TEIXEIRAFIGUEIRA200972.pdf','TEIXEIRAFIGUEIRA200972.pdf'),(142,'pdf','MOREIRADESOUSA190978','MOREIRADESOUSA190978.pdf','images/MOREIRADESOUSA190978.pdf','MOREIRADESOUSA190978.pdf'),(143,'pdf','BANGOURA050979','BANGOURA050979.pdf','images/BANGOURA050979.pdf','BANGOURA050979.pdf'),(144,'pdf','DEVAUX040794','DEVAUX040794.pdf','images/DEVAUX040794.pdf','DEVAUX040794.pdf'),(145,'pdf','MOREIRADASILVA261272','MOREIRADASILVA261272.pdf','images/MOREIRADASILVA261272.pdf','MOREIRADASILVA261272.pdf'),(146,'pdf','RENDASDOSANJOS110578','RENDASDOSANJOS110578.pdf','images/RENDASDOSANJOS110578.pdf','RENDASDOSANJOS110578.pdf'),(147,'pdf','MARVAO120166','MARVAO120166.pdf','images/MARVAO120166.pdf','MARVAO120166.pdf'),(148,'pdf','MARTINSINACIO110971','MARTINSINACIO110971.pdf','images/MARTINSINACIO110971.pdf','MARTINSINACIO110971.pdf'),(149,'pdf','LAPINTE170379','LAPINTE170379.pdf','images/LAPINTE170379.pdf','LAPINTE170379.pdf'),(150,'pdf','GUIMARAESFERREIRA160461','GUIMARAESFERREIRA160461.pdf','images/GUIMARAESFERREIRA160461.pdf','GUIMARAESFERREIRA160461.pdf'),(151,'pdf','GOMES070473','GOMES070473.pdf','images/GOMES070473.pdf','GOMES070473.pdf'),(152,'pdf','DEALMEIDAMARQUES200366','DEALMEIDAMARQUES200366.pdf','images/DEALMEIDAMARQUES200366.pdf','DEALMEIDAMARQUES200366.pdf'),(153,'pdf','DASILVA020779','DASILVA020779.pdf','images/DASILVA020779.pdf','DASILVA020779.pdf'),(154,'pdf','CABRALFICHER011169','CABRALFICHER011169.pdf','images/CABRALFICHER011169.pdf','CABRALFICHER011169.pdf'),(155,'pdf','BARROSMONTEZ021164','BARROSMONTEZ021164.pdf','images/BARROSMONTEZ021164.pdf','BARROSMONTEZ021164.pdf'),(156,'pdf','BARBOSALETRAS290656','BARBOSALETRAS290656.pdf','images/BARBOSALETRAS290656.pdf','BARBOSALETRAS290656.pdf'),(157,'pdf','GOURDIKIAN300170','GOURDIKIAN300170.pdf','images/GOURDIKIAN300170.pdf','GOURDIKIAN300170.pdf'),(158,'pdf','ZOUAOUI110565','ZOUAOUI110565.pdf','images/ZOUAOUI110565.pdf','ZOUAOUI110565.pdf'),(159,'pdf','HUGUENEL290592','HUGUENEL290592.pdf','images/HUGUENEL290592.pdf','HUGUENEL290592.pdf'),(160,'pdf','OUAHAB071165','OUAHAB071165.pdf','images/OUAHAB071165.pdf','OUAHAB071165.pdf'),(161,'pdf','VALENTINI061057','VALENTINI061057.pdf','images/VALENTINI061057.pdf','VALENTINI061057.pdf'),(162,'pdf','MONNET060371','MONNET060371.pdf','images/MONNET060371.pdf','MONNET060371.pdf'),(163,'pdf','BENABDALLAH251176','BENABDALLAH251176.pdf','images/BENABDALLAH251176.pdf','BENABDALLAH251176.pdf'),(164,'pdf','DOUJJANI010157','DOUJJANI010157.pdf','images/DOUJJANI010157.pdf','DOUJJANI010157.pdf'),(165,'pdf','MATECKI101267','MATECKI101267.pdf','images/MATECKI101267.pdf','MATECKI101267.pdf'),(166,'pdf','CHAOUCH130158','CHAOUCH130158.pdf','images/CHAOUCH130158.pdf','CHAOUCH130158.pdf'),(167,'pdf','AITZIANE300587','AITZIANE300587.pdf','images/AITZIANE300587.pdf','AITZIANE300587.pdf'),(168,'pdf','DACQUAY150756','DACQUAY150756.pdf','images/DACQUAY150756.pdf','DACQUAY150756.pdf'),(169,'pdf','YEMEMA140472','YEMEMA140472.pdf','images/YEMEMA140472.pdf','YEMEMA140472.pdf'),(170,'pdf','GARROUB261164','GARROUB261164.pdf','images/GARROUB261164.pdf','GARROUB261164.pdf'),(171,'pdf','BARLAS160778','BARLAS160778.pdf','images/BARLAS160778.pdf','BARLAS160778.pdf'),(172,'pdf','SOGUT250460','SOGUT250460.pdf','images/SOGUT250460.pdf','SOGUT250460.pdf'),(173,'pdf','SADDOUKI061083','SADDOUKI061083.pdf','images/SADDOUKI061083.pdf','SADDOUKI061083.pdf'),(174,'pdf','TARMOUCHTE250878','TARMOUCHTE250878.pdf','images/TARMOUCHTE250878.pdf','TARMOUCHTE250878.pdf'),(175,'pdf','KRASNIQI270679','KRASNIQI270679.pdf','images/KRASNIQI270679.pdf','KRASNIQI270679.pdf'),(176,'pdf','ANGIONE070955','ANGIONE070955.pdf','images/ANGIONE070955.pdf','ANGIONE070955.pdf'),(177,'pdf','GARTISER231187','GARTISER231187.pdf','images/GARTISER231187.pdf','GARTISER231187.pdf'),(178,'pdf','OUALI130975','OUALI130975.pdf','images/OUALI130975.pdf','OUALI130975.pdf'),(179,'pdf','KASIKCI120163','KASIKCI120163.pdf','images/KASIKCI120163.pdf','KASIKCI120163.pdf'),(180,'pdf','ARAYACI210780','ARAYACI210780.pdf','images/ARAYACI210780.pdf','ARAYACI210780.pdf'),(181,'pdf','FAYE140166','FAYE140166.pdf','images/FAYE140166.pdf','FAYE140166.pdf'),(182,'pdf','GUNTZBURGER140174','GUNTZBURGER140174.pdf','images/GUNTZBURGER140174.pdf','GUNTZBURGER140174.pdf'),(183,'pdf','DIBENGUE220191','DIBENGUE220191.pdf','images/DIBENGUE220191.pdf','DIBENGUE220191.pdf'),(184,'pdf','AYDI131285','AYDI131285.pdf','images/AYDI131285.pdf','AYDI131285.pdf'),(185,'pdf','AYDIN070973','AYDIN070973.pdf','images/AYDIN070973.pdf','AYDIN070973.pdf'),(186,'pdf','GOMESPIMENTA150891','GOMESPIMENTA150891.pdf','images/GOMESPIMENTA150891.pdf','GOMESPIMENTA150891.pdf'),(187,'pdf','AKBABA120975','AKBABA120975.pdf','images/AKBABA120975.pdf','AKBABA120975.pdf'),(188,'pdf','BAYLAN010870','BAYLAN010870.pdf','images/BAYLAN010870.pdf','BAYLAN010870.pdf'),(189,'pdf','WILHELM150393','WILHELM150393.pdf','images/WILHELM150393.pdf','WILHELM150393.pdf'),(190,'pdf','SIPIERRE140272','SIPIERRE140272.pdf','images/SIPIERRE140272.pdf','SIPIERRE140272.pdf'),(191,'pdf','REZGUI240676','REZGUI240676.pdf','images/REZGUI240676.pdf','REZGUI240676.pdf'),(192,'pdf','LHOTE260964','LHOTE260964.pdf','images/LHOTE260964.pdf','LHOTE260964.pdf'),(193,'pdf','BOUGHANEM040975','BOUGHANEM040975.pdf','images/BOUGHANEM040975.pdf','BOUGHANEM040975.pdf'),(194,'pdf','PETITOT110492','PETITOT110492.pdf','images/PETITOT110492.pdf','PETITOT110492.pdf'),(195,'pdf','THEVENIAUD300471','THEVENIAUD300471.pdf','images/THEVENIAUD300471.pdf','THEVENIAUD300471.pdf'),(196,'pdf','DEF250579','DEF250579.pdf','images/DEF250579.pdf','DEF250579.pdf'),(197,'pdf','DERDERIAN080365','DERDERIAN080365.pdf','images/DERDERIAN080365.pdf','DERDERIAN080365.pdf'),(198,'pdf','SCHUMPF170495','SCHUMPF170495.pdf','images/SCHUMPF170495.pdf','SCHUMPF170495.pdf'),(199,'pdf','ROUVIERE171089','ROUVIERE171089.pdf','images/ROUVIERE171089.pdf','ROUVIERE171089.pdf'),(200,'pdf','DERRAR281286','DERRAR281286.pdf','images/DERRAR281286.pdf','DERRAR281286.pdf'),(201,'pdf','ECHCHAREF010180','ECHCHAREF010180.pdf','images/ECHCHAREF010180.pdf','ECHCHAREF010180.pdf'),(202,'pdf','KAROUI251157','KAROUI251157.pdf','images/KAROUI251157.pdf','KAROUI251157.pdf'),(203,'pdf','MARY160180','MARY160180.pdf','images/MARY160180.pdf','MARY160180.pdf'),(204,'pdf','SAINTVANNE211055','SAINTVANNE211055.pdf','images/SAINTVANNE211055.pdf','SAINTVANNE211055.pdf'),(205,'pdf','REMPHAN210477','REMPHAN210477.pdf','images/REMPHAN210477.pdf','REMPHAN210477.pdf'),(206,'pdf','LARISCH081180','LARISCH081180.pdf','images/LARISCH081180.pdf','LARISCH081180.pdf'),(207,'pdf','ACAR170364','ACAR170364.pdf','images/ACAR170364.pdf','ACAR170364.pdf'),(208,'pdf','QUEVAL090371','QUEVAL090371.pdf','images/QUEVAL090371.pdf','QUEVAL090371.pdf'),(209,'pdf','BOZKURT230270','BOZKURT230270.pdf','images/BOZKURT230270.pdf','BOZKURT230270.pdf'),(210,'pdf','LIMACARRIDADE080585','LIMACARRIDADE080585.pdf','images/LIMACARRIDADE080585.pdf','LIMACARRIDADE080585.pdf'),(211,'pdf','REDOUANE020386','REDOUANE020386.pdf','images/REDOUANE020386.pdf','REDOUANE020386.pdf'),(212,'pdf','NOTIN170884','NOTIN170884.pdf','images/NOTIN170884.pdf','NOTIN170884.pdf'),(213,'pdf','COLAK070778','COLAK070778.pdf','images/COLAK070778.pdf','COLAK070778.pdf'),(214,'pdf','DOLCI021264','DOLCI021264.pdf','images/DOLCI021264.pdf','DOLCI021264.pdf'),(215,'pdf','SOLTANE110372','SOLTANE110372.pdf','images/SOLTANE110372.pdf','SOLTANE110372.pdf'),(216,'pdf','RAMASSAMY070486','RAMASSAMY070486.pdf','images/RAMASSAMY070486.pdf','RAMASSAMY070486.pdf'),(217,'pdf','MIGUEL170269','MIGUEL170269.pdf','images/MIGUEL170269.pdf','MIGUEL170269.pdf'),(218,'pdf','KLEIN080385','KLEIN080385.pdf','images/KLEIN080385.pdf','KLEIN080385.pdf'),(219,'pdf','GULER010481','GULER010481.pdf','images/GULER010481.pdf','GULER010481.pdf'),(220,'pdf','GARCIA310166','GARCIA310166.pdf','images/GARCIA310166.pdf','GARCIA310166.pdf'),(221,'pdf','DAGLAYAN010463','DAGLAYAN010463.pdf','images/DAGLAYAN010463.pdf','DAGLAYAN010463.pdf'),(222,'pdf','CAN010671','CAN010671.pdf','images/CAN010671.pdf','CAN010671.pdf'),(223,'pdf','SOILATI220795','SOILATI220795.pdf','images/SOILATI220795.pdf','SOILATI220795.pdf'),(224,'pdf','SCHNEIDER101194','SCHNEIDER101194.pdf','images/SCHNEIDER101194.pdf','SCHNEIDER101194.pdf'),(225,'pdf','REINHARDT180493','REINHARDT180493.pdf','images/REINHARDT180493.pdf','REINHARDT180493.pdf'),(226,'pdf','OMOAJE050879','OMOAJE050879.pdf','images/OMOAJE050879.pdf','OMOAJE050879.pdf'),(227,'pdf','MEKKI280182','MEKKI280182.pdf','images/MEKKI280182.pdf','MEKKI280182.pdf'),(228,'pdf','MAHAMOUD020388','MAHAMOUD020388.pdf','images/MAHAMOUD020388.pdf','MAHAMOUD020388.pdf'),(229,'pdf','IZIZI281077','IZIZI281077.pdf','images/IZIZI281077.pdf','IZIZI281077.pdf'),(230,'pdf','ELFITOURI070185','ELFITOURI070185.pdf','images/ELFITOURI070185.pdf','ELFITOURI070185.pdf'),(231,'pdf','CIRE240696','CIRE240696.pdf','images/CIRE240696.pdf','CIRE240696.pdf'),(232,'pdf','BARTHEL100291','BARTHEL100291.pdf','images/BARTHEL100291.pdf','BARTHEL100291.pdf'),(233,'pdf','BOULANGER070976','BOULANGER070976.pdf','images/BOULANGER070976.pdf','BOULANGER070976.pdf'),(234,'pdf','TUNCER101272','TUNCER101272.pdf','images/TUNCER101272.pdf','TUNCER101272.pdf'),(235,'pdf','OVA250184','OVA250184.pdf','images/OVA250184.pdf','OVA250184.pdf'),(236,'pdf','JOSEPH010963','JOSEPH010963.pdf','images/JOSEPH010963.pdf','JOSEPH010963.pdf'),(237,'pdf','GOUOT081092','GOUOT081092.pdf','images/GOUOT081092.pdf','GOUOT081092.pdf'),(238,'pdf','BAKARI250881','BAKARI250881.pdf','images/BAKARI250881.pdf','BAKARI250881.pdf'),(239,'pdf','FRANDER271092','FRANDER271092.pdf','images/FRANDER271092.pdf','FRANDER271092.pdf'),(240,'pdf','RIBEIROPEDROSO120665','RIBEIROPEDROSO120665.pdf','images/RIBEIROPEDROSO120665.pdf','RIBEIROPEDROSO120665.pdf'),(241,'pdf','PAMUK150981','PAMUK150981.pdf','images/PAMUK150981.pdf','PAMUK150981.pdf'),(242,'pdf','SATERIH100166','SATERIH100166.pdf','images/SATERIH100166.pdf','SATERIH100166.pdf'),(243,'pdf','DOMINGUES190676','DOMINGUES190676.pdf','images/DOMINGUES190676.pdf','DOMINGUES190676.pdf'),(244,'pdf','ALCINKAYA101064','ALCINKAYA101064.pdf','images/ALCINKAYA101064.pdf','ALCINKAYA101064.pdf'),(245,'pdf','HUNNEROGLU220864','HUNNEROGLU220864.pdf','images/HUNNEROGLU220864.pdf','HUNNEROGLU220864.pdf'),(246,'pdf','GERLING040389','GERLING040389.pdf','images/GERLING040389.pdf','GERLING040389.pdf'),(247,'pdf','GEORGE081068','GEORGE081068.pdf','images/GEORGE081068.pdf','GEORGE081068.pdf'),(248,'pdf','BASTIEN190885','BASTIEN190885.pdf','images/BASTIEN190885.pdf','BASTIEN190885.pdf'),(249,'pdf','BOUKACEM200988','BOUKACEM200988.pdf','images/BOUKACEM200988.pdf','BOUKACEM200988.pdf'),(250,'pdf','BERRABAH170684','BERRABAH170684.pdf','images/BERRABAH170684.pdf','BERRABAH170684.pdf'),(251,'pdf','BOUKEF170282','BOUKEF170282.pdf','images/BOUKEF170282.pdf','BOUKEF170282.pdf'),(252,'pdf','YILDIZ150894','YILDIZ150894.pdf','images/YILDIZ150894.pdf','YILDIZ150894.pdf'),(253,'pdf','ZMIKOSKOCIC171073','ZMIKOSKOCIC171073.pdf','images/ZMIKOSKOCIC171073.pdf','ZMIKOSKOCIC171073.pdf'),(254,'pdf','KAYHAN310760','KAYHAN310760.pdf','images/KAYHAN310760.pdf','KAYHAN310760.pdf'),(255,'pdf','KIDRI240264','KIDRI240264.pdf','images/KIDRI240264.pdf','KIDRI240264.pdf'),(256,'pdf','MEDFAI061063','MEDFAI061063.pdf','images/MEDFAI061063.pdf','MEDFAI061063.pdf'),(257,'pdf','AGIDIFE080879','AGIDIFE080879.pdf','images/AGIDIFE080879.pdf','AGIDIFE080879.pdf'),(258,'pdf','OUAKLI020471','OUAKLI020471.pdf','images/OUAKLI020471.pdf','OUAKLI020471.pdf'),(259,'pdf','PUC220272','PUC220272.pdf','images/PUC220272.pdf','PUC220272.pdf'),(260,'pdf','NAGEL230589','NAGEL230589.pdf','images/NAGEL230589.pdf','NAGEL230589.pdf'),(261,'pdf','ELAZZAOUI221279','ELAZZAOUI221279.pdf','images/ELAZZAOUI221279.pdf','ELAZZAOUI221279.pdf'),(262,'pdf','BASALLAM271181','BASALLAM271181.pdf','images/BASALLAM271181.pdf','BASALLAM271181.pdf'),(263,'pdf','HOHL240180','HOHL240180.pdf','images/HOHL240180.pdf','HOHL240180.pdf'),(264,'pdf','BOUAZZIZ170270','BOUAZZIZ170270.pdf','images/BOUAZZIZ170270.pdf','BOUAZZIZ170270.pdf'),(265,'pdf','HENRIQUES300577','HENRIQUES300577.pdf','images/HENRIQUES300577.pdf','HENRIQUES300577.pdf'),(266,'pdf','COLAS060658','COLAS060658.pdf','images/COLAS060658.pdf','COLAS060658.pdf'),(267,'pdf','BONIFAZI100792','BONIFAZI100792.pdf','images/BONIFAZI100792.pdf','BONIFAZI100792.pdf'),(268,'pdf','MACALOU010168','MACALOU010168.pdf','images/MACALOU010168.pdf','MACALOU010168.pdf'),(269,'pdf','TRAJILOVIC050555','TRAJILOVIC050555.pdf','images/TRAJILOVIC050555.pdf','TRAJILOVIC050555.pdf'),(270,'pdf','FLEURENTIN060273','FLEURENTIN060273.pdf','images/FLEURENTIN060273.pdf','FLEURENTIN060273.pdf'),(271,'pdf','AARAB030784','AARAB030784.pdf','images/AARAB030784.pdf','AARAB030784.pdf'),(272,'pdf','SACI071069','SACI071069.pdf','images/SACI071069.pdf','SACI071069.pdf'),(273,'pdf','ZERKOUNE010773','ZERKOUNE010773.pdf','images/ZERKOUNE010773.pdf','ZERKOUNE010773.pdf'),(274,'pdf','MECHERI081076','MECHERI081076.pdf','images/MECHERI081076.pdf','MECHERI081076.pdf'),(275,'pdf','ALAY030197','ALAY030197.pdf','images/ALAY030197.pdf','ALAY030197.pdf'),(276,'pdf','DUCHAUD150363','DUCHAUD150363.pdf','images/DUCHAUD150363.pdf','DUCHAUD150363.pdf'),(277,'pdf','BARROYER170365','BARROYER170365.pdf','images/BARROYER170365.pdf','BARROYER170365.pdf'),(278,'pdf','THIERCY070580','THIERCY070580.pdf','images/THIERCY070580.pdf','THIERCY070580.pdf'),(279,'pdf','DIENG300773','DIENG300773.pdf','images/DIENG300773.pdf','DIENG300773.pdf'),(280,'pdf','FELGINE290579','FELGINE290579.pdf','images/FELGINE290579.pdf','FELGINE290579.pdf'),(281,'pdf','HAKIER291261','HAKIER291261.pdf','images/HAKIER291261.pdf','HAKIER291261.pdf'),(282,'pdf','VURAL160971','VURAL160971.pdf','images/VURAL160971.pdf','VURAL160971.pdf'),(283,'pdf','FERREIRA140358','FERREIRA140358.pdf','images/FERREIRA140358.pdf','FERREIRA140358.pdf'),(284,'pdf','AINOC250274','AINOC250274.pdf','images/AINOC250274.pdf','AINOC250274.pdf'),(285,'pdf','KAHRAMAN020172','KAHRAMAN020172.pdf','images/KAHRAMAN020172.pdf','KAHRAMAN020172.pdf'),(286,'pdf','CHAINEL170475','CHAINEL170475.pdf','images/CHAINEL170475.pdf','CHAINEL170475.pdf'),(287,'pdf','ATROKOUK010165','ATROKOUK010165.pdf','images/ATROKOUK010165.pdf','ATROKOUK010165.pdf'),(288,'pdf','LEGRAND190687','LEGRAND190687.pdf','images/LEGRAND190687.pdf','LEGRAND190687.pdf'),(289,'pdf','RADAH050262','RADAH050262.pdf','images/RADAH050262.pdf','RADAH050262.pdf'),(290,'pdf','MOUNIR010156','MOUNIR010156.pdf','images/MOUNIR010156.pdf','MOUNIR010156.pdf'),(291,'pdf','SGHAIER140789','SGHAIER140789.pdf','images/SGHAIER140789.pdf','SGHAIER140789.pdf'),(292,'pdf','DIELEMANS120983','DIELEMANS120983.pdf','images/DIELEMANS120983.pdf','DIELEMANS120983.pdf'),(293,'pdf','LEGUEN110669','LEGUEN110669.pdf','images/LEGUEN110669.pdf','LEGUEN110669.pdf'),(294,'pdf','DUARTE250365','DUARTE250365.pdf','images/DUARTE250365.pdf','DUARTE250365.pdf'),(295,'pdf','BENHARI050482','BENHARI050482.pdf','images/BENHARI050482.pdf','BENHARI050482.pdf'),(296,'pdf','SASI241182','SASI241182.pdf','images/SASI241182.pdf','SASI241182.pdf'),(297,'pdf','PEREIRA160771','PEREIRA160771.pdf','images/PEREIRA160771.pdf','PEREIRA160771.pdf'),(298,'pdf','AFFAN260982','AFFAN260982.pdf','images/AFFAN260982.pdf','AFFAN260982.pdf'),(299,'pdf','AMRANE121262','AMRANE121262.pdf','images/AMRANE121262.pdf','AMRANE121262.pdf'),(300,'pdf','AITABDERRAHMAN090678','AITABDERRAHMAN090678.pdf','images/AITABDERRAHMAN090678.pdf','AITABDERRAHMAN090678.pdf'),(301,'pdf','AITABDERRAHMAN061086','AITABDERRAHMAN061086.pdf','images/AITABDERRAHMAN061086.pdf','AITABDERRAHMAN061086.pdf'),(302,'pdf','BETTAHAR200757','BETTAHAR200757.pdf','images/BETTAHAR200757.pdf','BETTAHAR200757.pdf'),(303,'pdf','YILDIRIM010562','YILDIRIM010562.pdf','images/YILDIRIM010562.pdf','YILDIRIM010562.pdf'),(304,'pdf','MAOUCHE260568','MAOUCHE260568.pdf','images/MAOUCHE260568.pdf','MAOUCHE260568.pdf'),(305,'pdf','AITHAMOU130372','AITHAMOU130372.pdf','images/AITHAMOU130372.pdf','AITHAMOU130372.pdf'),(306,'pdf','ALKAMA051188','ALKAMA051188.pdf','images/ALKAMA051188.pdf','ALKAMA051188.pdf'),(307,'pdf','KARABINAR140465','KARABINAR140465.pdf','images/KARABINAR140465.pdf','KARABINAR140465.pdf'),(308,'pdf','BELARBI010470','BELARBI010470.pdf','images/BELARBI010470.pdf','BELARBI010470.pdf'),(309,'pdf','LATRACH300166','LATRACH300166.pdf','images/LATRACH300166.pdf','LATRACH300166.pdf'),(310,'pdf','DEHE221084','DEHE221084.pdf','images/DEHE221084.pdf','DEHE221084.pdf'),(311,'pdf','ILHAN070664','ILHAN070664.pdf','images/ILHAN070664.pdf','ILHAN070664.pdf'),(312,'pdf','CLAUSEN181286','CLAUSEN181286.pdf','images/CLAUSEN181286.pdf','CLAUSEN181286.pdf'),(313,'pdf','BELABASSI140890','BELABASSI140890.pdf','images/BELABASSI140890.pdf','BELABASSI140890.pdf'),(314,'pdf','LUCEA280766','LUCEA280766.pdf','images/LUCEA280766.pdf','LUCEA280766.pdf'),(315,'pdf','CAPELLI180671','CAPELLI180671.pdf','images/CAPELLI180671.pdf','CAPELLI180671.pdf'),(316,'pdf','BENTI180785','BENTI180785.pdf','images/BENTI180785.pdf','BENTI180785.pdf'),(317,'pdf','BAPTISTA201064','BAPTISTA201064.pdf','images/BAPTISTA201064.pdf','BAPTISTA201064.pdf'),(318,'pdf','ONKOL010168','ONKOL010168.pdf','images/ONKOL010168.pdf','ONKOL010168.pdf'),(319,'pdf','TUNCER011273','TUNCER011273.pdf','images/TUNCER011273.pdf','TUNCER011273.pdf'),(320,'pdf','ZAMORABARBOSA221164','ZAMORABARBOSA221164.pdf','images/ZAMORABARBOSA221164.pdf','ZAMORABARBOSA221164.pdf'),(321,'pdf','SARAGOCALEAO260893','SARAGOCALEAO260893.pdf','images/SARAGOCALEAO260893.pdf','SARAGOCALEAO260893.pdf'),(322,'pdf','SANTOSMARTINSOLIVEIRA281187','SANTOSMARTINSOLIVEIRA281187.pdf','images/SANTOSMARTINSOLIVEIRA281187.pdf','SANTOSMARTINSOLIVEIRA281187.pdf'),(323,'pdf','SANTOSDEALMEIDA080562','SANTOSDEALMEIDA080562.pdf','images/SANTOSDEALMEIDA080562.pdf','SANTOSDEALMEIDA080562.pdf'),(324,'pdf','RODRIGUESDOSSANTOSARAUJO201085','RODRIGUESDOSSANTOSARAUJO201085.pdf','images/RODRIGUESDOSSANTOSARAUJO201085.pdf','RODRIGUESDOSSANTOSARAUJO201085.pdf'),(325,'pdf','PIRESDEMOURA190379','PIRESDEMOURA190379.pdf','images/PIRESDEMOURA190379.pdf','PIRESDEMOURA190379.pdf'),(326,'pdf','PESTANAFERREIRA121275','PESTANAFERREIRA121275.pdf','images/PESTANAFERREIRA121275.pdf','PESTANAFERREIRA121275.pdf'),(327,'pdf','MARQUESSANTOS150265','MARQUESSANTOS150265.pdf','images/MARQUESSANTOS150265.pdf','MARQUESSANTOS150265.pdf'),(328,'pdf','LOPESMENDES150676','LOPESMENDES150676.pdf','images/LOPESMENDES150676.pdf','LOPESMENDES150676.pdf'),(329,'pdf','DIALLO221270','DIALLO221270.pdf','images/DIALLO221270.pdf','DIALLO221270.pdf'),(330,'pdf','DEALMEIDA220276','DEALMEIDA220276.pdf','images/DEALMEIDA220276.pdf','DEALMEIDA220276.pdf'),(331,'pdf','COELHODACRUZ300684','COELHODACRUZ300684.pdf','images/COELHODACRUZ300684.pdf','COELHODACRUZ300684.pdf'),(332,'pdf','AIBOBOTI280780','AIBOBOTI280780.pdf','images/AIBOBOTI280780.pdf','AIBOBOTI280780.pdf'),(333,'pdf','FERHAT040182','FERHAT040182.pdf','images/FERHAT040182.pdf','FERHAT040182.pdf'),(334,'pdf','GUETTAF090888','GUETTAF090888.pdf','images/GUETTAF090888.pdf','GUETTAF090888.pdf'),(335,'pdf','JACQUEMIN110397','JACQUEMIN110397.pdf','images/JACQUEMIN110397.pdf','JACQUEMIN110397.pdf'),(336,'pdf','BERTHEL170685','BERTHEL170685.pdf','images/BERTHEL170685.pdf','BERTHEL170685.pdf'),(337,'pdf','BURT271280','BURT271280.pdf','images/BURT271280.pdf','BURT271280.pdf'),(338,'pdf','TABOUI020874','TABOUI020874.pdf','images/TABOUI020874.pdf','TABOUI020874.pdf'),(339,'pdf','TOPUZ130382','TOPUZ130382.pdf','images/TOPUZ130382.pdf','TOPUZ130382.pdf'),(340,'pdf','VUILLAUME051187','VUILLAUME051187.pdf','images/VUILLAUME051187.pdf','VUILLAUME051187.pdf'),(341,'pdf','ZOUBIR051173','ZOUBIR051173.pdf','images/ZOUBIR051173.pdf','ZOUBIR051173.pdf'),(342,'pdf','YAMAN090779','YAMAN090779.pdf','images/YAMAN090779.pdf','YAMAN090779.pdf'),(343,'pdf','OUMHAMD311281','OUMHAMD311281.pdf','images/OUMHAMD311281.pdf','OUMHAMD311281.pdf'),(344,'pdf','GONCALVES020957','GONCALVES020957.pdf','images/GONCALVES020957.pdf','GONCALVES020957.pdf'),(345,'pdf','FALLITO110886','FALLITO110886.pdf','images/FALLITO110886.pdf','FALLITO110886.pdf'),(346,'pdf','GUETTAF240192','GUETTAF240192.pdf','images/GUETTAF240192.pdf','GUETTAF240192.pdf'),(347,'pdf','ENCINAS170870','ENCINAS170870.pdf','images/ENCINAS170870.pdf','ENCINAS170870.pdf'),(348,'pdf','ELKHADIR200677','ELKHADIR200677.pdf','images/ELKHADIR200677.pdf','ELKHADIR200677.pdf'),(349,'pdf','BEKIRGIL200468','BEKIRGIL200468.pdf','images/BEKIRGIL200468.pdf','BEKIRGIL200468.pdf'),(350,'pdf','TOUATI160271','TOUATI160271.pdf','images/TOUATI160271.pdf','TOUATI160271.pdf'),(351,'pdf','PEYROMAURE230184','PEYROMAURE230184.pdf','images/PEYROMAURE230184.pdf','PEYROMAURE230184.pdf'),(352,'pdf','LEMJAOURI051076','LEMJAOURI051076.pdf','images/LEMJAOURI051076.pdf','LEMJAOURI051076.pdf'),(353,'pdf','YILDIRIM300188','YILDIRIM300188.pdf','images/YILDIRIM300188.pdf','YILDIRIM300188.pdf'),(354,'pdf','DHAIMINI010268','DHAIMINI010268.pdf','images/DHAIMINI010268.pdf','DHAIMINI010268.pdf'),(355,'pdf','KARABEY160262','KARABEY160262.pdf','images/KARABEY160262.pdf','KARABEY160262.pdf'),(356,'pdf','SEDOUD140791','SEDOUD140791.pdf','images/SEDOUD140791.pdf','SEDOUD140791.pdf'),(357,'pdf','GUIGNARD230691','GUIGNARD230691.pdf','images/GUIGNARD230691.pdf','GUIGNARD230691.pdf'),(358,'pdf','YILDIRIM230271','YILDIRIM230271.pdf','images/YILDIRIM230271.pdf','YILDIRIM230271.pdf'),(359,'pdf','TCHISSAMBOU040476','TCHISSAMBOU040476.pdf','images/TCHISSAMBOU040476.pdf','TCHISSAMBOU040476.pdf'),(360,'pdf','MABROUK020976','MABROUK020976.pdf','images/MABROUK020976.pdf','MABROUK020976.pdf'),(361,'pdf','KHATTAR080163','KHATTAR080163.pdf','images/KHATTAR080163.pdf','KHATTAR080163.pdf'),(362,'pdf','HOKE010177','HOKE010177.pdf','images/HOKE010177.pdf','HOKE010177.pdf'),(363,'pdf','HABIBATNI181070','HABIBATNI181070.pdf','images/HABIBATNI181070.pdf','HABIBATNI181070.pdf'),(364,'pdf','ETTAKI100778','ETTAKI100778.pdf','images/ETTAKI100778.pdf','ETTAKI100778.pdf'),(365,'pdf','CHABBI160271','CHABBI160271.pdf','images/CHABBI160271.pdf','CHABBI160271.pdf'),(366,'pdf','BENALI180978','BENALI180978.pdf','images/BENALI180978.pdf','BENALI180978.pdf'),(367,'pdf','BENA110493','BENA110493.pdf','images/BENA110493.pdf','BENA110493.pdf'),(368,'pdf','BADRANI240463','BADRANI240463.pdf','images/BADRANI240463.pdf','BADRANI240463.pdf'),(369,'pdf','AZARKANE280870','AZARKANE280870.pdf','images/AZARKANE280870.pdf','AZARKANE280870.pdf'),(370,'pdf','AZARKAN151166','AZARKAN151166.pdf','images/AZARKAN151166.pdf','AZARKAN151166.pdf'),(371,'pdf','AZARKAN150962','AZARKAN150962.pdf','images/AZARKAN150962.pdf','AZARKAN150962.pdf'),(372,'pdf','AYDOGDU150666','AYDOGDU150666.pdf','images/AYDOGDU150666.pdf','AYDOGDU150666.pdf'),(373,'pdf','ARKOUB100573','ARKOUB100573.pdf','images/ARKOUB100573.pdf','ARKOUB100573.pdf'),(374,'pdf','MALCONTENTI041088','MALCONTENTI041088.pdf','images/MALCONTENTI041088.pdf','MALCONTENTI041088.pdf'),(375,'pdf','ALVAREZ050169','ALVAREZ050169.pdf','images/ALVAREZ050169.pdf','ALVAREZ050169.pdf'),(376,'pdf','HENNIMANSOUR060174','HENNIMANSOUR060174.pdf','images/HENNIMANSOUR060174.pdf','HENNIMANSOUR060174.pdf'),(377,'pdf','DASILVALUIS040682','DASILVALUIS040682.pdf','images/DASILVALUIS040682.pdf','DASILVALUIS040682.pdf'),(378,'pdf','LAJONY030370','LAJONY030370.pdf','images/LAJONY030370.pdf','LAJONY030370.pdf'),(379,'pdf','AITOUAHRA010778','AITOUAHRA010778.pdf','images/AITOUAHRA010778.pdf','AITOUAHRA010778.pdf'),(380,'pdf','BALDO140558','BALDO140558.pdf','images/BALDO140558.pdf','BALDO140558.pdf'),(381,'pdf','MALOUAI090276','MALOUAI090276.pdf','images/MALOUAI090276.pdf','MALOUAI090276.pdf'),(382,'pdf','GONCALVES190855','GONCALVES190855.pdf','images/GONCALVES190855.pdf','GONCALVES190855.pdf'),(383,'pdf','DIAGNE150987','DIAGNE150987.pdf','images/DIAGNE150987.pdf','DIAGNE150987.pdf'),(384,'pdf','MOUALKIA060973','MOUALKIA060973.pdf','images/MOUALKIA060973.pdf','MOUALKIA060973.pdf'),(385,'pdf','LACHAPELLE050479','LACHAPELLE050479.pdf','images/LACHAPELLE050479.pdf','LACHAPELLE050479.pdf'),(386,'pdf','MOKRANI060393','MOKRANI060393.pdf','images/MOKRANI060393.pdf','MOKRANI060393.pdf'),(387,'pdf','CESAR030558','CESAR030558.pdf','images/CESAR030558.pdf','CESAR030558.pdf'),(388,'pdf','BELGACEM071274','BELGACEM071274.pdf','images/BELGACEM071274.pdf','BELGACEM071274.pdf'),(389,'pdf','PETROVIC191175','PETROVIC191175.pdf','images/PETROVIC191175.pdf','PETROVIC191175.pdf'),(390,'pdf','RIBEIRO050880','RIBEIRO050880.pdf','images/RIBEIRO050880.pdf','RIBEIRO050880.pdf'),(391,'pdf','VIDABAIAO191167','VIDABAIAO191167.pdf','images/VIDABAIAO191167.pdf','VIDABAIAO191167.pdf'),(392,'pdf','MUTH130193','MUTH130193.pdf','images/MUTH130193.pdf','MUTH130193.pdf'),(393,'pdf','LIMON230672','LIMON230672.pdf','images/LIMON230672.pdf','LIMON230672.pdf');
/*!40000 ALTER TABLE `image` ENABLE KEYS */;
UNLOCK TABLES;

--
-- Table structure for table `search_per_day`
--

DROP TABLE IF EXISTS `search_per_day`;
/*!40101 SET @saved_cs_client     = @@character_set_client */;
/*!40101 SET character_set_client = utf8 */;
CREATE TABLE `search_per_day` (
  `id` int(11) NOT NULL AUTO_INCREMENT,
  `user_id` int(11) DEFAULT NULL,
  `date` datetime NOT NULL,
  `count` int(11) NOT NULL,
  PRIMARY KEY (`id`),
  KEY `IDX_AE7122FFA76ED395` (`user_id`),
  CONSTRAINT `FK_AE7122FFA76ED395` FOREIGN KEY (`user_id`) REFERENCES `users` (`id`)
) ENGINE=InnoDB AUTO_INCREMENT=11 DEFAULT CHARSET=utf8 COLLATE=utf8_unicode_ci;
/*!40101 SET character_set_client = @saved_cs_client */;

--
-- Dumping data for table `search_per_day`
--

LOCK TABLES `search_per_day` WRITE;
/*!40000 ALTER TABLE `search_per_day` DISABLE KEYS */;
INSERT INTO `search_per_day` VALUES (1,6,'2017-02-18 00:00:00',3),(2,1,'2017-02-18 00:00:00',1),(3,4,'2017-02-18 00:00:00',8),(4,4,'2017-02-19 00:00:00',2),(5,4,'2017-02-21 00:00:00',2),(6,13,'2017-02-22 00:00:00',8),(7,1,'2017-03-27 00:00:00',10),(8,1,'2017-04-25 00:00:00',10),(9,19,'2017-05-21 00:00:00',4),(10,1,'2017-05-21 00:00:00',4);
/*!40000 ALTER TABLE `search_per_day` ENABLE KEYS */;
UNLOCK TABLES;

--
-- Table structure for table `sound`
--

DROP TABLE IF EXISTS `sound`;
/*!40101 SET @saved_cs_client     = @@character_set_client */;
/*!40101 SET character_set_client = utf8 */;
CREATE TABLE `sound` (
  `id` int(11) NOT NULL AUTO_INCREMENT,
  `original_name` varchar(255) COLLATE utf8_unicode_ci NOT NULL,
  `path` varchar(255) COLLATE utf8_unicode_ci DEFAULT NULL,
  `converted` tinyint(1) NOT NULL,
  `duration` varchar(255) COLLATE utf8_unicode_ci DEFAULT NULL,
  `title` varchar(255) COLLATE utf8_unicode_ci DEFAULT NULL,
  PRIMARY KEY (`id`)
) ENGINE=InnoDB AUTO_INCREMENT=26 DEFAULT CHARSET=utf8 COLLATE=utf8_unicode_ci;
/*!40101 SET character_set_client = @saved_cs_client */;

--
-- Dumping data for table `sound`
--

LOCK TABLES `sound` WRITE;
/*!40000 ALTER TABLE `sound` DISABLE KEYS */;
INSERT INTO `sound` VALUES (1,'Question1Passeport.m4a','sounds/58bea9b8d809e.m4a',0,NULL,NULL),(2,'Q2Passport.m4a','sounds/58bec3acbb42e.m4a',0,NULL,NULL),(3,'Q3Passport.m4a','sounds/58bec3b99cd37.m4a',0,NULL,NULL),(4,'Q4Passport.m4a','sounds/58bec3c36e3eb.m4a',0,NULL,NULL),(5,'Q5Passport.m4a','sounds/58bec3cdd9603.m4a',0,NULL,NULL),(6,'Q6Passport.m4a','sounds/58bec3d814357.m4a',0,NULL,NULL),(7,'Q7Passport.m4a','sounds/58bec3e3588fc.m4a',0,NULL,NULL),(8,'Q8Passport.m4a','sounds/58bec3edddd2f.m4a',0,NULL,NULL),(9,'Q9Passport.m4a','sounds/58bec3f66dfca.m4a',0,NULL,NULL),(10,'Q10Passport.m4a','sounds/58bec402a39e8.m4a',0,NULL,NULL),(11,'Q11Passport.m4a','sounds/58bec41142ad6.m4a',0,NULL,NULL),(12,'Q12Passport.m4a','sounds/58bec41fb3a39.m4a',0,NULL,NULL),(13,'Q13Passport.m4a','sounds/58bec42823f32.m4a',0,NULL,NULL),(14,'Q14Passport.m4a','sounds/58bec42e54576.m4a',0,NULL,NULL),(15,'Q15Passport.m4a','sounds/58bec4361bb70.m4a',0,NULL,NULL),(16,'Q16Passport.m4a','sounds/58bec43d34c81.m4a',0,NULL,NULL),(17,'Q17Passport.m4a','sounds/58bec4440b3f6.m4a',0,NULL,NULL),(18,'Q18Passport.m4a','sounds/58bec44d409d8.m4a',0,NULL,NULL),(19,'Q19Passport.m4a','sounds/58bec45369bdf.m4a',0,NULL,NULL),(20,'Q20Passport.m4a','sounds/58bec45b491ef.m4a',0,NULL,NULL),(21,'Q21Passport.m4a','sounds/58bec4645dd97.m4a',0,NULL,NULL),(22,'Q22Passport.m4a','sounds/58bec46d87556.m4a',0,NULL,NULL),(23,'Q23Passport.m4a','sounds/58bec474dab3f.m4a',0,NULL,NULL),(24,'Q24Passport.m4a','sounds/58bec47c0aee5.m4a',0,NULL,NULL),(25,'Q25Passport.m4a','sounds/58bec4841324d.m4a',0,NULL,NULL);
/*!40000 ALTER TABLE `sound` ENABLE KEYS */;
UNLOCK TABLES;

--
-- Table structure for table `users`
--

DROP TABLE IF EXISTS `users`;
/*!40101 SET @saved_cs_client     = @@character_set_client */;
/*!40101 SET character_set_client = utf8 */;
CREATE TABLE `users` (
  `id` int(11) NOT NULL AUTO_INCREMENT,
  `username` varchar(180) COLLATE utf8_unicode_ci NOT NULL,
  `username_canonical` varchar(180) COLLATE utf8_unicode_ci NOT NULL,
  `enabled` tinyint(1) NOT NULL,
  `salt` varchar(255) COLLATE utf8_unicode_ci DEFAULT NULL,
  `password` varchar(255) COLLATE utf8_unicode_ci NOT NULL,
  `last_login` datetime DEFAULT NULL,
  `confirmation_token` varchar(180) COLLATE utf8_unicode_ci DEFAULT NULL,
  `password_requested_at` datetime DEFAULT NULL,
  `roles` longtext COLLATE utf8_unicode_ci NOT NULL COMMENT '(DC2Type:array)',
  `societe` varchar(255) COLLATE utf8_unicode_ci DEFAULT NULL,
  `siret` varchar(30) COLLATE utf8_unicode_ci DEFAULT NULL,
  `adresse` varchar(30) COLLATE utf8_unicode_ci DEFAULT NULL,
  `telephone` varchar(30) COLLATE utf8_unicode_ci DEFAULT NULL,
  `email_enabled` tinyint(1) NOT NULL,
  `created_at` datetime NOT NULL,
  `updated_at` datetime NOT NULL,
  `email` varchar(255) COLLATE utf8_unicode_ci DEFAULT NULL,
  `email_canonical` varchar(255) COLLATE utf8_unicode_ci DEFAULT NULL,
  PRIMARY KEY (`id`),
  UNIQUE KEY `UNIQ_1483A5E992FC23A8` (`username_canonical`),
  UNIQUE KEY `UNIQ_1483A5E9C05FB297` (`confirmation_token`),
  UNIQUE KEY `UNIQ_1483A5E9E7927C74` (`email`),
  UNIQUE KEY `UNIQ_1483A5E9A0D96FBF` (`email_canonical`)
) ENGINE=InnoDB AUTO_INCREMENT=28 DEFAULT CHARSET=utf8 COLLATE=utf8_unicode_ci;
/*!40101 SET character_set_client = @saved_cs_client */;

--
-- Dumping data for table `users`
--

LOCK TABLES `users` WRITE;
/*!40000 ALTER TABLE `users` DISABLE KEYS */;
INSERT INTO `users` VALUES (1,'admin','admin',1,NULL,'$2y$13$XJyiSdte9c45n5qzA8cRo.5ZHPifEeMg.KDrzQi31Aploj2uiiFAO','2017-07-12 11:59:51',NULL,NULL,'a:1:{i:0;s:16:\"ROLE_SUPER_ADMIN\";}',NULL,NULL,NULL,NULL,0,'2017-02-12 16:24:35','2017-07-12 11:59:51','chakroun.yesser@gmail.com','chakroun.yesser@gmail.com'),(2,'organisme01','organisme01',1,NULL,'$2y$13$PnfLZ1FnlfcFWvdOQ2L4Y.YTyT2oxAuW.5lMn3nhK6cq8xKbuBcU6','2017-02-22 12:57:53',NULL,NULL,'a:1:{i:0;s:7:\"ROLE_OF\";}','Organisme 01',NULL,'Rue de France','0644742433',0,'2017-02-12 17:58:10','2017-02-22 12:57:53','organisme01@gmail.com','organisme01@gmail.com'),(3,'ett01@gmail.com','ett01@gmail.com',1,NULL,'$2y$13$z91v7cUXFykom.meJ/c5buYD3SOm49F9N3ysC/Gy4KqEP/lN9CU6e',NULL,NULL,NULL,'a:1:{i:0;s:11:\"ROLE_VIEWER\";}','ETT 01',NULL,'Rue de France',NULL,0,'2017-02-12 17:59:35','2017-02-12 17:59:35','ett01@gmail.com','ett01@gmail.com'),(4,'alexia','alexia',1,NULL,'$2y$13$79woHZ8YUgacGSvofL0SMeRecPZ1KIlhuljzgmajNi5jDOqN6Pzua','2017-03-07 13:17:55',NULL,NULL,'a:1:{i:0;s:10:\"ROLE_ADMIN\";}',NULL,NULL,NULL,NULL,0,'2017-02-18 14:36:27','2017-03-07 13:17:55','alexia.borg@atoms-france.com','alexia.borg@atoms-france.com'),(6,'agence02@gmail.com','agence02@gmail.com',1,NULL,'$2y$13$bkBdEQzWNnK5.V2WlduYtuiggfXMjo7PoMypRux9DhHVos21.hrra','2017-02-22 19:36:25',NULL,NULL,'a:1:{i:0;s:11:\"ROLE_VIEWER\";}','Agence 02',NULL,'Rue Faubourg',NULL,0,'2017-02-18 17:26:16','2017-02-22 19:36:25','agence02@gmail.com','agence02@gmail.com'),(7,'organisme02','organisme02',1,NULL,'$2y$13$7uqSPN/9Cs.iJbFDehKJquAau5rN3ugyUIyJELCQHUr/xroE0RgY6','2017-02-18 17:31:58',NULL,NULL,'a:1:{i:0;s:7:\"ROLE_OF\";}','Organisme 02',NULL,'1 rue de Paris 7008','0122334455',0,'2017-02-18 17:28:31','2017-04-19 14:09:35','adressemail@gnail.com','adressemail@gnail.com'),(10,'ADECCO1@test.com','adecco1@test.com',1,NULL,'$2y$13$A8ROtRJrr0xJJPPqUBU3QekIYCQS.haoaoCK7ZiK2DOLDIPN9.P06',NULL,NULL,NULL,'a:1:{i:0;s:11:\"ROLE_VIEWER\";}','ADECCO','13 456 87 38 299','1 rue des Champs 75008 Paris',NULL,0,'2017-02-18 18:06:47','2017-02-18 18:27:11','ADECCO1@test.com','adecco1@test.com'),(12,'CESAMEMAROLLES','cesamemarolles',1,NULL,'$2y$13$u0k6/iDEVlM5SiTGVIzPkeRQmLhjZyyPT6qN7Fii.5CEM3m4ZPaK2','2017-02-22 17:51:35',NULL,NULL,'a:1:{i:0;s:7:\"ROLE_OF\";}','CESAME',NULL,'15 ROUTE DE CHEPTAINVILLE  - 9','0133703370',0,'2017-02-18 20:09:52','2017-04-19 14:08:48','cesametest@test.com','cesametest@test.com'),(13,'alexiaborg1@gmail.com','alexiaborg1@gmail.com',1,NULL,'$2y$13$ITgNlaPIo/aIGp0fYXyEVu/ik4zRaLaP2c0zHRJI6vr8SIopnu8JW','2017-02-21 22:10:32',NULL,NULL,'a:1:{i:0;s:11:\"ROLE_VIEWER\";}','Interim France','1234567890','11 rue de France 75008',NULL,1,'2017-02-19 00:24:55','2017-02-22 14:06:34','alexiaborg1@gmail.com','alexiaborg1@gmail.com'),(15,'societe01','societe01',1,NULL,'$2y$13$llLdoW3j0i/jKP4N4TRTs.W74/f8CTdckes4Uymon6QuaWS2JrWFi','2017-02-22 11:30:40',NULL,NULL,'a:1:{i:0;s:7:\"ROLE_OF\";}','Société Yesser',NULL,'Rue de France','0120404040',0,'2017-02-22 11:30:32','2017-04-19 14:08:24','sociétéyeser@test.com','sociétéyeser@test.com'),(16,'olivier_t777@hotmail.co.uk','olivier_t777@hotmail.co.uk',1,NULL,'$2y$13$9Jp0H8gKHi8E4wrJE99PheA9/5Ctf6k2OgvAXb329Sk/f5L1GSUIu',NULL,'s1OhOlDWyzHblXp1abUbN2sdEP0We03hx5eHtyOhw0w',NULL,'a:1:{i:0;s:11:\"ROLE_VIEWER\";}','AZB','455445652','15 rue des goults',NULL,0,'2017-03-02 10:23:29','2017-03-27 15:25:04','olivier_t777@hotmail.co.uk','olivier_t777@hotmail.co.uk'),(17,'chakroun.yesser+01@gmail.com','chakroun.yesser+01@gmail.com',1,NULL,'$2y$13$7uYUYbeQKNAbfvIUMFjFy.32T9ItDmUY/sfMaMmcqXx5D49v91uoq',NULL,'_6cLkKqMdP9wuAZSTBsQs8uSGJoJh3YO1gN4dJpo3vU',NULL,'a:1:{i:0;s:11:\"ROLE_VIEWER\";}','lkahzje','test','test',NULL,0,'2017-04-05 17:24:18','2017-07-09 20:37:06','chakroun.yesser+01@gmail.com','chakroun.yesser+01@gmail.com'),(19,'alexia_borg@hotmail.com','alexia_borg@hotmail.com',1,NULL,'$2y$13$lc1MuHccD7nJYcj3wgLmGe05pFVVkFudcB5KNbO7/SfGGwKiEc8M.','2017-05-02 11:28:58',NULL,NULL,'a:1:{i:0;s:8:\"ROLE_BTP\";}','Test BTP','12345678910','102 avenue des Champs Ely',NULL,1,'2017-05-02 11:19:48','2017-05-02 11:28:58','alexia_borg@hotmail.com','alexia_borg@hotmail.com'),(21,'alexiaborg102@gmail.com','alexiaborg102@gmail.com',1,NULL,'$2y$13$PScvQa2alKvQdcooPr3D5ur/U.PvDEdbUYukb067.JuUVS3YQb9cu',NULL,'250sdWvb41EBR6liWtTOf1EYCnz3g2D24r9Lm8wJLIo',NULL,'a:1:{i:0;s:11:\"ROLE_VIEWER\";}','ETT ATOMS Intérim','12345678987654321','rue de l\'adresse',NULL,0,'2017-05-21 20:29:45','2017-05-21 20:31:26','alexiaborg102@gmail.com','alexiaborg102@gmail.com'),(25,'Karine Bastide','karine bastide',1,NULL,'$2y$13$sSNOAUqXskOzlaKVyGhCqugslEtlBRaaK6y7/jNLVfLhJa/tn5z02','2017-07-05 19:04:09',NULL,NULL,'a:1:{i:0;s:7:\"ROLE_OF\";}','CESAME VINCI',NULL,'61 Avenue Jules Quentin, 92000','01 46 95 70 00',0,'2017-07-05 19:03:48','2017-07-05 19:04:09','karine.bastide@vinci-construction.fr','karine.bastide@vinci-construction.fr'),(26,'Bouygues Construction siège','bouygues construction siège',1,NULL,'$2y$13$fFNRO6fNGBHnOFEYgdztWuUCLl8hOnjih7rmgEovKhQkcsMCaGwgu','2017-07-05 19:10:28',NULL,NULL,'a:1:{i:0;s:8:\"ROLE_BTP\";}','BOUYGUES CONSTRUCTION',NULL,'1 avenue Eugène FREYSSINET - G','01 30 60 46 29',0,'2017-07-05 19:09:51','2017-07-05 19:10:28','p.villain@bouygues-construction.com','p.villain@bouygues-construction.com');
/*!40000 ALTER TABLE `users` ENABLE KEYS */;
UNLOCK TABLES;

--
-- Dumping events for database 'egfbtp'
--
/*!40103 SET TIME_ZONE=@OLD_TIME_ZONE */;

/*!40101 SET SQL_MODE=@OLD_SQL_MODE */;
/*!40014 SET FOREIGN_KEY_CHECKS=@OLD_FOREIGN_KEY_CHECKS */;
/*!40014 SET UNIQUE_CHECKS=@OLD_UNIQUE_CHECKS */;
/*!40101 SET CHARACTER_SET_CLIENT=@OLD_CHARACTER_SET_CLIENT */;
/*!40101 SET CHARACTER_SET_RESULTS=@OLD_CHARACTER_SET_RESULTS */;
/*!40101 SET COLLATION_CONNECTION=@OLD_COLLATION_CONNECTION */;
/*!40111 SET SQL_NOTES=@OLD_SQL_NOTES */;

-- Dump completed on 2017-07-17 17:20:33
